,번호,생태통로명,주소,도로명,도로번호,차선_수,위도_도,위도_분,위도_초,경도_도,경도_분,경도_초,관리기관,생태통로유형,설치기관,설치년도
0,1001,중동터널,서울특별시 구로구 궁동,,,왕복6차로,37,30.0,23.37,126,49.0,51.56,서울특별시 구로구,육교형,서울특별시,2001
1,1002,개좌생태터널,부산광역시 금정구 회동동 산4-1,,0,왕복2차선,35,15.0,6.05,129,8.0,27.31,부산광역시 금정구,육교형,부산광역시,2009
2,1004,곰내 생태통로,부산광역시 기장군 철마면 웅천리,,19호선,왕복2차선,35,18.0,20.8,129,10.0,19.2,부산광역시 기장군,육교형,부산광역시,2007
3,1005,정관예림리 생태통로,부산광역시 기장군 정관면 예림리,,60호,왕복4차선,35,19.0,46.80,129,12.0,11.90,부산광역시 기장군,터널형,부산광역시,2007
4,1006,을숙도 생태통로,부산광역시 사하구 하단동,,1240,왕복7차선,35,6.0,31.8463200000076,128,56.0,28.469039999984,부산광역시 낙동강관리본부,육교형,부산광역시 낙동강관리본부,201211
5,1007,만덕생태터널,부산광역시 북구 만덕동 산89-2,,1,왕복 1 차선,35,12.0,40.85,129,3.0,5.91,부산광역시 북구,육교형,부산광역시 북구,201106
6,1008,징매이고개 생태통로,인천광역시 서구 공촌동,,광3-9호,왕복8차선,37,32.0,47.95,126,42.0,34.54,인천광역시,육교형,인천광역시,200908
7,1009,원적산길 생태통로,인천광역시 서구 가좌동,,중로1류33호선,왕복6차로,37,30.0,10.93,126,41.0,25.00,인천광역시,육교형,인천광역시,201210
8,1010,,광주광역시 광산구 지정동,,49호선,왕복4차선,35,8.0,38.00,126,43.0,40.00,광주광역시 종합건설본부,육교형,광주광역시 종합건설본부,201206
9,1011,,대전광역시 동구 용운동,,,왕복4차선,36,20.0,27,127,27.0,34,대전광역시 동구,터널형,대전광역시,200512
10,1012,,대전광역시 동구 가양동,,,왕복4차선,36,20.0,53,127,27.0,38,대전광역시 동구,터널형,대전광역시,200812
11,1013,,대전광역시 중구 침산동,,남부순환도로,왕복4차선,36,17.0,0.20,127,23.0,14.35,대전광역시 중구,육교형,대전광역시 중구,200711
12,1014,국도14호선,울산광역시 남구 두왕동,,14호선,왕복4차선,35,30.0,13,129,17.0,42,울산광역시,육교형,부산지방국토관리청,2007
13,1015,하늘공원 진입로,울산광역시 울주군 삼동면 조일리,,소로 1-3 호선,왕복2차선,35,29.0,43.00,129,6.0,42.00,울산광역시 울주군,육교형,울산광역시,2012
14,1016,두꺼비 생태통로,울산광역시 울주군 웅천면 통천리,,18호선,왕복2차선,35,27.6,54.6,129,14.4,22.8,울산광역시,터널형,울산광역시,2014
15,1017,목동 직동간 터널,경기도 광주시 직동,,9호선,왕복2차선,37,23.0,46.50,127,11.0,46.30,경기도 광주시,육교형,경기도 광주시,200508
16,1018,오포터널,경기도 광주시 오포읍 능평리,,57호선,왕복4차선,37,21.0,6.10,127,10.0,11.60,경기도 광주시,육교형,경기도 건설본부,2002
17,1019,-,경기도 광주시 중대동 ,,-,왕복2차선,37,23.0,45.60,127,14.0,6.60,경기도 광주시,육교형,경기도 광주시,200603
18,1021,외방리 생태통로,경기도 남양주시 수동면 외방리,,201호선,왕복2차선,37,44.0,4.97,127,18.0,10.07,경기도 남양주시,육교형,경기도 남양주시,2003
19,1022,도곡리 생태통로,경기도 남양주시 와부읍 도곡리,,13호선,왕복2차선,37,35.0,24.87,127,14.0,3.38,경기도 남양주시,육교형,경기도 남양주시,1997
20,1023,갈마치생태통로,경기도 성남시 중원구 갈현동,,389,왕복2차선,37,25.0,11,127,11.0,15,경기도 성남시,육교형,경기도 성남시,200811
21,1024,돌마로생태통로,경기도 성남시 중원구 도촌동,,,왕복4차선,37,24.0,57,127,8.0,36,경기도 성남시,육교형,경기도 성남시,2001
22,1026,범배산 생태 연결통로,경기도 시흥시 광석동 산24-9,,1호선,왕복 6 차선,37,23.0,2.00,126,48.0,42.00,경기도 시흥시,육교형,경기도 시흥시,2005
23,1027,마유로 생태 연결통로,경기도 시흥시 장곡동 산84-3,,9호선,왕복6차선,37,22.0,40.00,126,46.0,21.00,경기도 시흥시,육교형,경기도 시흥시,2010
24,1028,,경기도 경기도 양주시 광적면 우고리,,39호선,왕복2차선,37,49.0,45.00,126,56.0,25.30,경기도 양주시,육교형,경기도 양주시,200612
25,1029,,경기도 양주시 어둔동,,3호선,왕복2차선,37,46.0,55.2,127,1.0,17,경기도 양주시,육교형,경기도 양주시,201212
26,1030,청계산 생태통로,경기도 양평군 양서면 목왕리,,1호선,왕복2차선,37,34.0,"208""",127,23.0,"413""",경기도 양평군,육교형,경기도 양평군,2007
27,1031,,경기도 여주시 현암리,,10호선,왕복4차선,37,18.0,51.36,127,37.0,52.90,경기도 여주시,터널형,경기도 여주시,200412
28,1032,,경기도 용인시 처인구 삼가동,,321호선,왕복4차선,37,13.0,30.80,127,9.0,47.24,경기도 용인시,육교형,경기도,2002
29,1033,,경기도 용인시 처인구 양지면 주북리,,1-13호선,왕복2차선,37,15.0,37.02,127,14.0,16.88,경기도 용인시,육교형,경기도 용인시,2004
30,1034,,경기도 용인시 처인구 원삼면 두창리 산2-6,,318호선,왕복2차선,37,8.0,59.44,127,21.0,16.58,경기도 용인시,육교형,경기도,2009
31,1035,곱든고개 생태통로,경기도 용인시 처인구 원삼면 사암리,,57호선,왕복2차선,37,11.0,13.51,127,17.0,46.66,경기도 용인시,육교형,경기도 용인시,2004
32,1036,모락산 터널,경기도 의왕시 내손동 산142번지,,125호선,왕복2차선,37,22.0,30.90,126,59.0,27.20,경기도 의왕시,육교형,경기도 의왕시,200704
33,1040,봉서터널,경기도 파주시 파주읍 봉서리,,6호선(도시계획 대1-2),왕복4차선,37,51.0,1.00,126,47.0,43.00,경기도 파주시,육교형,경기도 파주시,2006
34,1041,신산터널,경기도 파주시 광탄면 신산리,,13호선(도시계획 중2-1),왕복2차선,37,46.0,44,126,51.0,14,경기도 파주시,육교형,경기도 파주시,2007
35,1042,학령1터널,경기도 파주시 아동동,,(도시계획 중1-1),왕복4차선,37,45.0,39.00,126,46.0,51.00,경기도 파주시,육교형,경기도 파주시,2006
36,1043,학령2터널,경기도 파주시 아동동,,(도시계획 소2-101),왕복4차선,37,45.0,25,126,47.0,25,경기도 파주시,육교형,경기도 파주시,2006
37,1044,덕고개터널,경기도 파주시 적성면 답곡리,,18호선(농어촌 301),왕복2차선,37,56.0,52.00,126,52.0,5.00,경기도 파주시,육교형,경기도 파주시,2009
38,1045,,경기도 평택시 장안동,,317호선,왕복4차선,37,4.0,4.11,127,5.0,30.18,경기도 평택시,육교형,경기도 평택시,2000
39,1046,,경기도 평택시 지산동 ,,317호선,왕복4차선,37,4.0,43.26,127,5.0,30.58,경기도 평택시,육교형,경기도 평택시,2006
40,1047,노채고개,경기도 포천시 일동면 기산리,,387,왕복2차선,37,55.0,42.00,127,20.0,17.00,경기도 포천시,육교형,한국도로공사,2009
41,1048,없음,경기도 하남시 광암동,,180호선,왕복4차선,37,31.0,18.66,127,10.0,38.46,경기도 하남시,육교형,경기도 하남시,2006
42,1049,없음,경기도 화성시 송산면 육일리,,318호선,왕복2차선,37,11.0,39.95,126,43.0,7.31,경기도 화성시,육교형,경기도,2007
43,1050,없음,경기도 화성시 송산면 육일리,,318호선,왕복2차선,37,11.0,41.12,126,43.0,7.43,경기도 화성시,육교형,경기도,2007
44,1051,일산생태통로,경기도 고양시 일산동구 중산동,,중로2-1호선,왕복2차선,37,41.0,2.90,126,47.0,14.60,경기도 고양시,육교형,LH공사,200812
45,1052,밤일생태육교,경기도 광명시 노온사동,,1,왕복6차선,37,27.0,12.11,126,51.0,24.74,경기도 광명시,육교형,LH공사,2010.01.01.
46,1053,밤일생태육교,경기도 광명시 노온사동 ,, 1,왕복2차선,37,27.0,12.10,126,51.0,24.58,경기도 광명시,육교형,경기도 광명시,201101
47,1054,절터육교,경기도 의왕시 월암동,,지방도 309호선,왕복6∼8차선,37,19.0,2.04,126,57.0,59.00,경기남부도로(주),육교형,경기도,201301
48,1055,,경기도 의왕시 고천동 ,,지방도309호선,왕복6∼8차선,37,20.0,11.80,126,58.0,23.42,경기남부도로(주),육교형,경기도,201301
49,1056,풍뎅이다리,경기도 수원시 영통구 이의동,,1,왕복4차선,37,18.0,20.00,127,2.0,39.40,경기도 수원시,육교형,경기도로공사,2012
50,1057,반딧불이다리,경기도 수원시 영통구 이의동,,1,왕복6차선,37,17.0,40.40,127,2.0,8.40,경기도 수원시,육교형,경기도로공사,2012
51,1058,나비잠자리다리,경기도 수원시 영통구 이의동,,1,왕복8차선,37,17.0,20.30,127,2.0,32.60,경기도 수원시,육교형,경기도로공사,2012
52,1059,소나무다리,경기도 수원시 영통구 이의동,,1,왕복4차선,37,16.0,57.70,127,3.0,3.90,경기도 수원시,육교형,경기도로공사,2012
53,1060,갈참나무다리,경기도 수원시 영통구 이의동,,1,왕복8차선,37,16.0,57.20,127,3.0,10.10,경기도 수원시,육교형,경기도로공사,2012
54,1061,하늘소다리,경기도 수원시 영통구 하동,,1,왕복6차선,37,17.0,26.90,127,3.0,48.40,경기도 수원시,육교형,경기도로공사,2012
55,1062,무지개다리,경기도 수원시 영통구 하동,,1,왕복4차선,37,17.0,17.00,127,3.0,59.20,경기도 수원시,육교형,경기도로공사,2012
56,1063,여담교,경기도 수원시 영통구 이의동,,-,왕복16차선,37,17.0,47.80,127,3.0,31.50,경기도 수원시,육교형,경기도로공사,2012
57,1064,꽃더미다리,경기도 수원시 영통구 하동,,,하천횡단,37,16.0,57.9,127,4.0,8.5,경기도 수원시,육교형,경기도로공사,2012
58,1065,새터다리,경기도 수원시 영통구 하동,,,왕복8차선,37,16.0,55.5,127,4.0,17.5,경기도 수원시,육교형,경기도로공사,2012
59,1066,개야생태이동통로,강원도 홍천군 서면 개야리,,86,왕복2차선,37,41.0,26.8,127,38.0,3.5,강원도 도로관리사업소,육교형,강원도,2007
60,1067,,강원도 강릉시 왕산면 왕산리,,415호선,왕복2차선,37,37.0,12.70,128,46.0,21.70,강원도 로로관리사업소 강릉지소,육교형,강원도,2005
61,1068,댓재 생태통로,강원도 삼척시 하장면 번천리,,28호선,왕복2차선,37,23.0,0.28,129,0.0,33.68,강원도 도로관리사업소 태백지소,터널형,강원도,200412
62,1069,,강원도 홍천군 북방면 굴지리,,14호선,왕복2차선,37,41.0,26.8,127,38.0,3.5,강원도 홍천군,육교형,강원도 홍천군,200712
63,1070,원암～천진 개착식터널,강원도 고성군 토성면 원암리,,12호선,왕복4차선,38,12.0,59,128,30.0,16,강원도 고성군,육교형,강원도 고성군,200912
64,1071,달거리생태이동통로,강원도 화천군 하남면 서오지리,,5호선,왕복2차선,38,3.0,39.97,127,38.0,39.13,강원도 도로관리사업소 북부지소,터널형,강원도 도로관리사업소 북부지소,201108
65,1072,,충청북도 청주시 청원구 율량동,,산 128-1도,하부 왕복 6차선,36,39.0,10.55,127,30.0,46.00,충청북도 청주시,육교형,충청북도 청주시,1999
66,1073,,충청북도 괴산군 사리면 사담리,,,왕복2차선,36,49.0,35.8,127,39.0,35.8,충청북도 괴산군,육교형,충청북도,2006
67,1074,이곡리,충청북도 괴산군 사리면 이곡리,,515호선,왕복2차선,36,46.0,46.00,127,42.0,53.00,충청북도 도로관리사업소,터널형,충청북도,2009
68,1075,,충청북도 보은군 마로면 갈전리,,15호선(갈전-법화),왕복2차선,36,22.0,18.130315693872,127,50.0,32.554090484484,충청북도 보은군,육교형,충청북도,2008
69,1076,,충청북도 보은군 탄부면 평각리,,리도 203호선(평각-어암),1차로,36,27.0,36.396066304656,127,45.0,31.506328571040004,충청북도 보은군,육교형,충청북도,2004
70,1077,,충청북도 청원군 강내면 궁현리,,면도 103호선,왕복2차선,36,34.0,29.00,127,22.0,43.00,충청북도 청주시,육교형,충청북도 청원군,2009
71,1078,,충청북도 청원군 강내면 연정리,,면도 103호선,왕복2차선,36,34.0,22.00,127,22.0,53.00,충청북도 청주시,육교형,충청북도 청원군,2009
72,1079,,충청북도 청원군 남일면 신송리,,101호선,왕복2차선,36,34.0,24.00,127,29.0,8.00,충청북도 청주시,육교형,충청북도,2005
73,1080,,충청북도 청원군 남일면 황청리,,106호선,왕복2차선,36,36.0,6.00,127,32.0,58.00,충청북도 청주시,육교형,충청북도,2001
74,1081,,충청북도 청원군 미원면 운용리,,101호선,왕복2차선,36,40.0,22.7497514016,127,40.0,4.051933286592,충청북도 청주시,육교형,충청북도,2009
75,1082,성화2 생태교량,충청북도 청주시 서원구 성화동 1076,,성봉로,왕복4차선,36,36.0,41.79,127,26.0,59.79,충청북도 청주시,육교형,LH공사,20110331
76,1083,,충청북도 청주시 서원구 성화동 658,,52번길,왕복4차선,36,36.0,53.18,127,27.0,24.01,충청북도 청주시,육교형,LH공사,201005
77,1084,,충청북도 청주시 서원구 수곡동 214-30,,47,왕복2차선,36,36.0,51.32,127,28.0,51.92,충청북도 청주시,육교형,충청북도 청주시,2009
78,1085,,충청북도 괴산군 괴산읍 동부리,,,왕복2차선,36,48.0,52.4,127,42.0,38.2,충청북도 괴산군,육교형,충청북도,2008
79,1086,방곡리,충청북도 단양군 대강면 방곡리,,534호선,왕복2차선,36,48.0,32.39,128,21.0,18.27,충청북도 단양군,육교형,충청북도,2009
80,1087,,충청북도 청주시 청원구 오창읍 구룡리,,구룡리 442도,왕복4차선,36,43.0,2,127,25.0,4,충청북도 청주시,육교형,충청북도,2001
81,1088,,충청북도 청주시 청원구 오창읍 양청리,,양청리 882도(호수공원 주변),왕복4차선,36,42.0,44,127,25.0,31,충청북도 청주시,육교형,충청북도,2001
82,1089,,충청북도 청주시 청원구 오창읍 각리,,구룡리 472도,왕복6차선,36,42.0,46,127,25.0,14,충청북도 청주시,육교형,충청북도,2001
83,1090,각리,충청북도 청원군 오창읍 각리,,540호,왕복6차선,36,42.0,48.1,127,25.0,19.2,충청북도 도로관리사업소,육교형,충청북도,2001
84,1091,,충청북도 청주시 청원구 오창읍 여천리,,213호선,왕복2차선,36,46.0,03,127,28.0,24,충청북도 청주시,육교형,충청북도,2001
85,1092,소로1-194호,충청남도 천안시 유량동,,용연저수지도로,왕복2차선,36,48.0,55.31,127,11.0,4.48,충청남도 천안시,육교형,충청남도,2003
86,1093,대로3-1호,충청남도 천안시 서북구 불당동,,,왕복4차선,36,48.0,38.03,127,6.0,53.82,충청남도 천안시,육교형,충청남도,2004
87,1094,중로1-44호,충청남도 천안시 불당동,,,왕복4차선,36,48.0,24.24,127,6.0,48.6,충청남도 천안시,육교형,충청남도,2004
88,1095,중로 1-21호,충청남도 천안시 용곡동,,,왕복4차선,36,47.0,31.16,127,8.0,8.93,충청남도 천안시,육교형,충청남도,2005
89,1096,지방산업단지 진입도로,충청남도 천안시 부대동,,,왕복6차선,36,50.0,48.76,127,10.0,2.28,충청남도 천안시,터널형,충청남도,2006
90,1097,,충청남도 천안시 풍세면 남관리,,(629호),왕복4차선,36,45.0,30.26,127,5.0,0.97,충청남도 천안시,육교형,충청남도,2008
91,1098,,충청남도 천안시 청당동,,3-26호,왕복6차선,36,46.0,33.59,127,8.0,32.68,충청남도 천안시,육교형,LH공사,2009
92,1099,,충청남도 천안시 청당동,,1-79호,왕복6차선,36,46.0,48.36,127,9.0,13.5,충청남도 천안시,육교형,LH공사,2009
93,1100,,충청남도 천안시 청당동,,3-25호,왕복6차선,36,46.0,48.36,127,9.0,13.5,충청남도 천안시,터널형,LH공사,2009
94,1101,,충청남도 천안시 청당동,,3-5호,왕복4차선,36,46.0,48.36,127,9.0,13.5,충청남도 천안시,터널형,LH공사,2009
95,1102,용곡생태통로,충청남도 아산시 배방읍 장재리,,2-1,왕복6차선,36,47.0,30.5,127,5.0,39.28,충청남도 아산시,육교형,LH공사,
96,1103,연화생태통로,충청남도 아산시 배방읍 장재리,,3-5,왕복5차선,36,47.0,18.9,127,6.0,7.93,충청남도 아산시,육교형,LH공사,
97,1104,,충청남도 서산시 지곡면 무장리,,70호선,왕복4차선,36,51.0,56.70,126,26.0,38.10,충청남도 서산시,터널형,충청남도,200512
98,1105,,충청남도 서산시 지곡면 무장리,,70호선,왕복4차선,36,51.0,50.3,126,26.0,46.3,충청남도 서산시,터널형,충청남도,200512
99,1106,초락도리 생태통로,충청남도 당진시 석문면 초락도리,,647호선,왕복2차선,36,59.0,8.935604630232,126,30.0,51.60288810765612,충청남도 종합건설사업소 홍성지소,육교형,충청남도 종합건설사업소,2007
100,1107,,충청남도 금산군 금성면 두곡리,,103호,왕복2차선,36,8.0,55.47,127,27.0,49.77,충청남도 금산군,육교형,충청남도 금산군,200711
101,1108,신성리 1번,충청남도 부여군 규암면 금암-신성,,10호선,왕복2차선,36,16.0,56.52,126,54.0,24.43,충청남도 부여군,육교형,충청남도 부여군,201106
102,1109,온천통문,충청남도 청양군 장평면 적곡리,,11호선,왕복2차선,36,23.0,47.00,126,54.0,16.73,충청남도,육교형,충청남도,200406
103,1110,,충청남도 태안군 안면읍 승언리,,14호,왕복2차선,36,30.0,56.5,126,19.0,54,충청남도 태안군,육교형,충청남도 태안군,2002
104,1111,,충청남도 태안군 원북면 신두리,,14호선,왕복2차선,36,50.0,28.459796086824,126,12.0,20.013875004564,충청남도 태안군,육교형,충청남도 태안군,2005
105,1112,숭림사 생태통로,전라북도 익산시 함라면 금성리,,723호선,왕복2차선,36,4.0,2.03,126,54.0,42.44,전라북도 도로관리사업소,육교형,전라북도,2009
106,1113,서구이재 생태통로,전라북도 장수군 장수읍 송천리,,742호선,왕복2차선,35,37.0,34,127,29.0,32.68,전라북도 도로관리사업소,육교형,전라북도,2003
107,1114,노루재 생태통로,전라북도 무주군 부남면 장안리,,635호선,왕복2차선,35,52.0,51.63,127,35.0,50.93,전라북도 도로관리사업소,육교형,전라북도,2000
108,1115,슬치재 생태통로,전라북도 임실군 관촌면 슬치리,,745호선,왕복2차선,35,41.0,23.1,127,14.0,26.58,전라북도 도로관리사업소,육교형,전라북도,2002
109,1116,소비재 생태통로,전라북도 장수군 계북면 농소리,,743호선,왕복2차선,35,45.0,42.31,127,38.0,0.64,전라북도 도로관리사업소,육교형,전라북도,2006
110,1117,복성이재 생태통로,전라북도 장수군 번암면 노단리,,751호선,왕복2차선,35,31.0,41.19,127,33.0,46.96,전라북도 도로관리사업소,터널형,전라북도,2005
111,1118,못토재 생태통로,전라북도 순창군 풍산면 죽곡리,,729호선,왕복2차선,35,21.0,31.14,127,7.0,8.94,전라북도 순창군,육교형,전라북도 순창군,2006
112,1119,무릉고개 생태통로,전라북도 장수군 번암면 지지리,,743호선,왕복2차선,35,38.0,32.753322339179995,127,36.0,59.969814297156,전라북도 도로관리사업소,육교형,전라북도,2008
113,1120,우덕 생태통로,전라북도 정읍시 덕천면 우덕리,,705호선,왕복4차선,35,37.0,46.74,126,50.0,12.1,전라북도 도로관리사업소,육교형,전라북도,2010
114,1121,월곡 생태통로,전라북도 고창군 고창읍 월곡리,,15호선,왕복4차선,35,26.0,34.56,126,42.0,32.74,전라북도 도로관리사업소,육교형,전라북도,2004
115,1122,월명터널,전라북도 군산시 소룡동,,대로,왕복6차선,35,58.0,2.27,126,41.0,18.47,전라북도 군산시,육교형,전라북도 군산시,200912
116,1123,,전라북도 순창군 순창읍 백산리,,729호선,왕복4차선,35,21.0,30.91,127,7.0,7.63,전라북도 순창군,육교형,전라북도 순창군,2005
117,1124,,전라북도 순창군 팔덕면 구룡리,,202호선,왕복4차선,35,23.0,30.01,127,6.0,50.18,전라북도 순창군,육교형,전라북도 순창군,2006
118,1125,,전라북도 순창군 팔덕면 구룡리,,202호선,왕복4차선,35,23.0,1.71,127,6.0,30.96,전라북도 순창군,육교형,전라북도 순창군,2007
119,1126,,전라북도 순창군 팔덕면 월곡리,,11호선,왕복4차선,35,25.0,15.29,127,6.0,5.92,전라북도 순창군,육교형,전라북도 순창군,2007
120,1127,,전라북도 순창군 팔덕면 월곡리,,11호선,왕복4차선,35,25.0,15.77,127,5.0,52.95,전라북도 순창군,육교형,전라북도 순창군,2007
121,1128,,전라북도 고창군 고창읍 월곡리,,15호선,왕복4차선,35,26.0,34.56,126,42.0,32.74,전라북도 고창군,육교형,전라북도,2003
122,1129,부귀1생태통로,전라북도 고창군 아산면 주진리,,15호선,왕복4차선,35,26.0,34.65,126,36.0,48.22,전라북도 고창군,터널형,전라북도,2013
123,1130,부귀2생태통로,전라북도 고창군 아산면 학전리,,15호선,왕복4차선,35,26.0,34.14,126,36.0,41.52,전라북도 고창군,터널형,전라북도,2013
124,1131,부흥산 생태통로,전라남도 목포시 옥암동,,,왕복8차선,34,48.0,38,126,26.0,32,전라남도 목포시,육교형,전라남도 목포시,2007
125,1132,웅천 생태터널,전라남도 여수시 웅천동,,,왕복6차선,34,45.0,15.5,127,40.0,30.52,전라남도 여수시,육교형,전라남도 여수시,200708
126,1133,,전라남도 광양시 광양읍 우산리,,,왕복4차선,34,59.0,11,127,35.0,8,전라남도 광양시,육교형,전라남도 광양시,201207
127,1134,,전라남도 구례군 신학리,,103호선,왕복2차선,35,19.0,5.312108711388,127,25.0,34.319690697828,전라남도 구례군,육교형,전라남도,2002
128,1135,,전라남도 구례군 산동면 둔사리,,103호선,왕복2차선,35,18.0,18.52,127,23.0,42.41,전라남도 구례군,육교형,전라남도,2002
129,1137,,전라남도 보성군 율어면 선암리,,6호선,왕복2차선,34,50.0,47.06,127,13.0,33.04,전라남도 보성군,육교형,전라남도 보성군,201205
130,1138,무안광주선 16.94k,전라남도 함평군 학교면 마산리,,12호선,왕복4차선,35,4.0,0.42,126,35.0,14.88,한국도로공사,터널형,한국도로공사,2007
131,1139,,전라남도 영광군 영광읍 학정리,,1-1,왕복4차선,35,15.0,54.3,126,30.0,36.5,전라남도 영광군,육교형,전라남도 영광군,201003
132,1142,,전라남도 장성군 삼계면 수옥리,,893호선,왕복2차선,35,16.0,57.81,126,41.0,36.27,전라남도,육교형,국토교통부,2007
133,1143,,경상북도 문경시 가은읍 작천리,,11호선,왕복2차선,36,39.0,3,128,2.0,12.97,경상북도 문경시,육교형,경상북도 문경시,200111
134,1144,,경상북도 김천시 구성면 마산리,,901호선,왕복2차선,36,4.0,2.50733529138,127,57.0,17.415205959456,경상북도 종합건설사업소,육교형,경상북도,200512
135,1145,밤티재,경상북도 상주시 화북면 중벌리,,997호선,왕복2차선,36,35.0,9,127,52.0,54,경상북도 상주시,육교형,경상북도 상주시,200510
136,1146,도래기재 생태통로,경상북도 봉화군 춘양면 우구치리,,88호선,왕복2차선,37,2.0,20.3159126420016,128,47.0,50.45326422381576,경상북도 종합건설사업소 북부지소,육교형,경상북도,2005
137,1147,,경상북도 경주시 현곡면 나원리,,68호선,왕복2차선,35,53.0,7,129,12.0,20,경상북도 종합건설사업소,육교형,경상북도,200612
138,1148,여우목재 생태통로,경상북도 예천군 상리면 명봉리,,901호선,왕복2차선,36,46.0,26.3922041920224,128,21.0,53.129746421532,경상북도 종합건설사업소 북부지소,육교형,경상북도,2007
139,1149,,경상북도 군위군 산성면 운산리,,10호선(산성∼부계),왕복2차선,36,6.0,40.398203384082,128,40.0,41.085685726536,경상북도 군위군,육교형,경상북도 군위군,201006
140,1154,,경상남도 창원시 진해구 원포동,,362번길,왕복2차선,35,6.0,2.41,128,41.0,46.85,경상남도 창원시,터널형,경상남도 창원시,2007
141,1155,대원로 66번길,경상남도 창원시 의창구 두대동,,300호선,왕복4차선,35,14.0,12.17,128,39.0,19.2,경상남도 창원시,육교형,경상남도 창원시,2008
142,1156,두산볼보로,경상남도 창원시 성산구 귀현동,,299호선,왕복6차선,35,11.0,25.11,128,37.0,21.91,경상남도 창원시,육교형,경상남도 창원시,2005
143,1157,안민생태교,경상남도 창원시 성산구 천선동,,299호선,왕복2차선,35,10.0,7,128,41.0,59,경상남도 창원시,육교형,경상남도 창원시,2000
144,1158,생태교량,경상남도 창원시 마산합포구 현동,,,왕복6차선,35,8.0,55.38,128,33.0,24.51,경상남도 창원시,육교형,경상남도 창원시,201311
145,1159,,경상남도 밀양시 단장면 구천리,,1077,왕복2차선,35,33.0,25.74,128,56.0,21.91,경상남도 밀양시,육교형,경상남도 밀양시,200912
146,1160,,경상남도 밀양시 산내면 남명리,,1077,왕복2차선,35,33.0,43.39,128,56.0,34.65,경상남도 밀양시,육교형,경상남도 밀양시,200912
147,1161,낙서 전화 생태통로,경상남도 의령군 낙서면 전화리,,101,왕복2차선,35,23.0,14.85,128,12.0,10.29,경상남도 의령군,육교형,경상남도 의령군,200612
148,1162,쇄목재 생태통로,경상남도 의령군 대의면 신전리,,1013,왕복2차선,35,29.0,36.74,128,22.0,38.87,경상남도 도로관리사업소,육교형,경상남도 의령군,200812
149,1163,,경상남도 고성군 마암면 보전리,,,왕복2차선,35,1.0,53.13,128,22.0,8.48,경상남도 고성군,육교형,경상남도,200703
150,1164,,경상남도 고성군 구만면 주평리,,(용안-봉동),왕복2차선,35,6.0,5.09,128,21.0,32.57,경상남도 고성군,육교형,경상남도,201003
151,1165,문의 생태통로,경상남도 남해군 설천면 문의리,,,왕복2차선,34,56.0,21,127,54.0,24,경상남도 남해군,육교형,경상남도 남해군,2004
152,1166,임포 생태통로,경상남도 남해군 남면 임포리,,10호선,왕복2차선,34,44.0,43,127,53.0,22,경상남도 남해군,육교형,경상남도 남해군,2008
153,1167,임포 생태통로,경상남도 거창군 위천면 강천리산,,201호선,왕복1차선,35,45.0,47.163834725796,127,48.0,44.640769170564,경상남도 남해군,육교형,경상남도 남해군,2008
154,1168,,제주특별자치도 서귀포시 남원읍 신례리,,(1131호선),왕복4차선,33,19.0,29.95,126,35.0,56.65,제주특별자치도,터널형,제주지방국토관리청,200012
155,1169,,제주특별자치도 제주시 애월읍 하귀리,,,왕복4차선,33,28.0,24.72,126,24.0,34.69,제주특별자치도,터널형,제주지방국토관리청,200012
156,1170,,제주특별자치도 제주시 애월읍 봉성리,,,왕복4차선,33,21.0,9.84,126,21.0,34.35,제주특별자치도,터널형,제주특별자치도,200212
157,1171,,제주특별자치도 제주시 애월읍 봉성리,,(1135호선),왕복4차선,33,22.0,3.98,126,22.0,5.31,제주특별자치도,터널형,제주특별자치도,200212
158,1172,,제주특별자치도 제주시 애월읍 소길리,,(1135호선),왕복4차선,33,25.0,44.1,126,24.0,48,제주특별자치도,터널형,제주특별자치도,200212
159,1173,,제주특별자치도 제주시 애월읍 광령리,,,왕복4차선,33,28.0,21.14,126,25.0,31.08,제주특별자치도,터널형,제주지방국토관리청,200212
160,1174,,제주특별자치도 서귀포시 안덕면 서광리,,(1135호선),왕복4차선,33,16.0,25.13,126,18.0,12.03,제주특별자치도,터널형,제주특별자치도,200412
161,1175,,제주특별자치도 서귀포시 대정읍 안성리,,(1135호선),왕복4차선,33,15.0,31.62,126,17.0,19.21,제주특별자치도,터널형,제주특별자치도,200412
162,1176,,제주특별자치도 제주시 애월읍 광령리,,(1139호선),왕복2차선,33,21.0,55.4,126,28.0,2.81,제주특별자치도,터널형,제주지방국토관리청,200612
163,1177,,제주특별자치도 제주시 애월읍 광령리,,(1139호선),왕복2차선,33,21.0,55.4,126,28.0,2.81,제주특별자치도,터널형,제주지방국토관리청,200612
164,1178,,제주특별자치도 서귀포시 중문동,,(1139호선),왕복2차선,33,21.0,4.6,126,27.0,41.41,제주특별자치도,터널형,제주지방국토관리청,200612
165,1179,,제주특별자치도 제주시 애월읍 광령리,,(1139호선),왕복2차선,33,22.0,19.57,126,28.0,18.09,제주특별자치도,터널형,제주지방국토관리청,200612
166,1180,한라생태숲 생태통로,제주특별자치도 제주시 516로 2596,,(1131호),왕복2차선,33,25.0,45,126,35.0,55.2,제주특별자치도,터널형,국토교통부,200812
167,1181,구룡령 생태통로,강원도 양양군 서면 갈천리,,(56호선),왕복4차선,37,52.0,48.69168114108,128,30.0,51.388021468944,환경부 원주지방환경청,육교형,환경부,2000.12
168,1182,시암재,전라남도 구례군 광의면 방광리,,861호선,왕복2차선,35,18.0,4.64,127,29.0,48.98,국립공원관리공단,육교형,환경부,1998
169,1183,지릅재,충청북도 제천시 수안보면 미륵리,,597번,왕복2차선,36,49.0,26.40,128,5.0,11.90,국립공원관리공단,터널형,월악산국립공원사무소,2006
170,1184,정령치1,전라북도 남원시 산내면 덕동리,,737호선,왕복2차선,35,21.0,2,127,32.0,2,전라북도 남원시,터널형,환경부,201112
171,1185,정령치2,전라북도 남원시 주천면 고기리,,737호선,왕복2차선,35,22.0,0.8,127,30.0,44.5,전라북도 남원시,터널형,환경부,201112
172,1186,버리미기재,경상북도 문경시 가은읍 완장리,,922호선,왕복2차선,36,41.0,21.7,127,57.0,5.5,경상북도 문경시,터널형,환경부,2012
173,1189,화순 이양 이양 생태통로,전라남도 화순군 이양면 이양리 156-4,,29호선,왕복4차선,34,53.0,9.439775812914,126,59.0,36.31535347865976,광주국토관리사무소,육교형,익산지방국토관리청,2010.11.
174,1190,완도 군외 신학 생태통로,전라남도 완도군 군외면 신학리 산51-12,,13호선,왕복4차선,34,22.0,55.084699762212,126,39.0,37.933214265504,광주국토관리사무소,육교형,익산지방국토관리청,2012.12.
175,1191,해남 현산 월송 생태통로,전라남도 해남군 현산면 월송리 산2-6,,13호선,왕복4차선,34,25.0,1.6117757599440001,126,35.0,53.185358119308,광주국토관리사무소,육교형,익산지방국토관리청,2012.12.
176,1192,용화,전라북도 익산시 왕궁면 용화리 산1-44,,1호선,왕복4차선,36,0.0,49.92,127,4.0,59.26,전주국토관리사무소,육교형,익산지방국토관리청,2004.12.
177,1193,고봉,전라북도 군산시 성산면 고봉리 산32-1,,27호선,왕복4차선,35,58.0,49.94,126,48.0,5.72,전주국토관리사무소,터널형,익산지방국토관리청,2006.02
178,1194,축산1,전라북도 군산시 임피면 축산리 산44-9,,27호선,왕복4차선,35,59.0,42.86,126,51.0,22.33,전주국토관리사무소,터널형,익산지방국토관리청,2006.02.
179,1195,축산2,전라북도 군산시 임피면 축산리 산96-7,,27호선,왕복4차선,35,59.0,47.41,126,51.0,0.76,전주국토관리사무소,터널형,익산지방국토관리청,2006.02.
180,1196,오봉,전라북도 정읍시 태인면 오봉리 66-1,,1호선,왕복4차선,35,39.0,36.02,126,56.0,28.41,전주국토관리사무소,터널형,익산지방국토관리청,2009.05.
181,1197,남봉,전라북도 완주군 고산면 남봉리 산44-1,,17호선,왕복4차선,35,57.0,56.42,127,11.0,38.54,전주국토관리사무소,터널형,익산지방국토관리청,2006.10.
182,1198,서봉,전라북도 완주군 고산면 서봉리 73,,17호선,왕복4차선,35,58.0,58.32,127,12.0,38.51,전주국토관리사무소,터널형,익산지방국토관리청,2006.10.
183,1199,,전라남도 곡성군 오산면 단사리,,15호선,왕복2차선,35,13.0,16.03,127,7.0,45.66,국토교통부,터널형,국토교통부,2005
184,1200,두여,전라북도 익산시 여산면 두여리 산1-1,,1호선,왕복4차선,36,4.0,19.50,127,5.0,24.03,전주국토관리사무소,육교형,익산지방국토관리청,2004.12.
185,1201,,전라북도 무주군 무풍면 삼거리,,37호선,왕복2차선,35,52.0,51.88,127,48.0,55.49,익산지방국토관리청,터널형,국토교통부,2005
186,1202,,전라북도 무주군 설천면 두길리,,37호선,왕복2차선,35,57.0,56.93,127,47.0,5.37,익산지방국토관리청,터널형,국토교통부,2005
187,1203,,전라북도 무주군 설천면 심곡리,,37호선,왕복2차선,35,53.0,7.28,127,44.0,55.28,익산지방국토관리청,터널형,국토교통부,2005
188,1204,,전라남도 곡성군 오산면 선세리,,15호선,왕복2차선,35,12.0,8.07,127,7.0,46.31,전라남도 도로관리사업소,터널형,국토교통부,2005
189,1205,,전라남도 곡성군 오산면 선세리,,15호선,왕복2차선,35,12.0,42.99,127,7.0,43.27,국토교통부,터널형,국토교통부,2005
190,1206,장암,전라북도 임실군 덕치면 장암리 1020,,27,왕복4차선,35,27.0,44.73,127,8.0,57.07,남원국토관리사무소,육교형,익산지방국토관리청,2012
191,1207,신교,전라북도 완주군 소양면 신교리 14-2,,26호선,왕복4차선,35,51.0,13.06,127,13.0,13.35,전주국토관리사무소,양서 파충류 통로,전주국토관리사무소,2008.10.
192,1208,월봉,전라북도 김제시 백구면 월봉리 83-2,,21호선,왕복4차선,35,52.0,55.79,126,57.0,9.49,전주국토관리사무소,양서 파충류 통로,전주국토관리사무소,2010.09.
193,1209,신정,전라북도 진안군 부귀면 신정리 산257,,26호선,왕복4차선,35,48.0,48.82,127,20.0,44.60,전주국토관리사무소,육교형,전주국토관리사무소,2013.03.
194,1210,정곡,전라북도 진안군 진안읍 정곡리 산227,,26호선,왕복4차선,35,46.0,57.30,127,24.0,50.07,전주국토관리사무소,육교형,전주국토관리사무소,2013.05.
195,1211,육십령 생태통로,전라북도 장수군 장계면 명덕리 산154-89,,26,왕복2차선,35,43.0,21.348348506003997,127,39.0,35.942064276888,남원국토관리사무소,육교형,남원국토관리사무소,2002
196,1212,여원재 생태통로,전라북도 남원시 이백면 양가리 산55-25,,24,왕복2차선,35,26.0,55.50,127,29.0,9.50,남원국토관리사무소,육교형,남원국토관리사무소,2003
197,1213,덕산재 생태통로,전라북도 무주군 무풍면 금평리 산161-6,,30,왕복2차선,35,56.0,24.50,127,54.0,5.60,남원국토관리사무소,육교형,남원국토관리사무소,2003
198,1214,운북_1,전라북도 순창군 구림면 운북리 산59-1,,21,왕복2차선,35,20.0,23.50,127,2.0,28.00,남원국토관리사무소,터널형,남원국토관리사무소,2005
199,1215,운북_2,전라북도 순창군 구림면 운북리 산59-1,,21,왕복2차선,35,28.0,26.60,127,2.0,28.40,남원국토관리사무소,터널형,남원국토관리사무소,2005
200,1216,운북_3,전라북도 순창군 구림면 운북리 산59-1,,21,왕복2차선,35,28.0,27.20,127,2.0,26.80,남원국토관리사무소,터널형,남원국토관리사무소,2005
201,1217,용담_1,전라북도 남원시 주천면 용담리,,19,왕복4차선,35,24.0,41.20,127,25.0,0.60,남원국토관리사무소,육교형,남원국토관리사무소,2007
202,1218,용담_2,전라북도 남원시 주천면 용담리 ,,19,왕복4차선,35,25.0,8.10,127,25.0,1.20,남원국토관리사무소,터널형,남원국토관리사무소,2007
203,1219,방산_1,전라북도 순창군 쌍치면 방산리 484-10,,21,왕복2차선,35,31.0,28.40,126,56.0,33.00,남원국토관리사무소,터널형,남원국토관리사무소,2005
204,1220,방산_2,전라북도 순창군 쌍치면 방산리 484-8,,21,왕복2차선,35,31.0,32.90,126,56.0,33.70,남원국토관리사무소,터널형,남원국토관리사무소,2005
205,1221,화수,전라북도 남원시 운봉읍 화수리,,24,왕복2차선,35,27.0,5.7635984535264,127,33.0,23.96318442858,남원국토관리사무소,터널형,남원국토관리사무소,2013
206,1222,상림,전라남도 고흥군 풍양면 상림리 산147-2,,27호선,왕복4차선,34,58.0,14.33,127,24.0,81.88,순천국토관리사무소,터널형,국토교통부,2015.12
207,1223,사정,전라남도 고흥군 점암면 사정리 산231-3,,15호선,왕복4차선,34,40.0,23.0592301616424,127,21.0,57.10385517206412,순천국토관리사무소,육교형,국토교통부,2005
208,1224,송정,전라남도 구례군 토지면 송정리 590-2,,19호선,왕복2차선,35,11.0,31.60,127,33.0,23.90,순천국토관리사무소,터널형,국토교통부,2006.12
209,1225,용두,전라남도 구례군 마산면 용두리 497,,19호선,왕복2차선,35,12.0,11.77,127,30.0,12.37,순천국토관리사무소,터널형,국토교통부,2009.12
210,1226,죽정,전라남도 구례군 용방면 죽정리 산24-14,,19호선,왕복4차선,35,16.0,37.61,127,24.0,59.18,순천국토관리사무소,육교형,국토교통부,2011.04
211,1227,파도,전라남도 구례군 토지면 파도리 1094,,19호선,왕복2차선,35,11.0,33.19,127,32.0,29.01,순천국토관리사무소,터널형,국토교통부,2011.06
212,1228,갑산,전라남도 구례군 마산면 갑산리 828,,19호선,왕복4차선,35,13.0,25.29,127,28.0,1.98,순천국토관리사무소,터널형,국토교통부,2012.02
213,1229,대산,전라남도 구례군 광의면 대산리 654-2,,19호선,왕복4차선,35,14.0,26.46,127,26.0,51.29,순천국토관리사무소,터널형,국토교통부,2011.06
214,1230,천남,경기도 여주군 대신면 천남리,,37호선,왕복4차선,37,19.0,46.29,127,37.0,53.00,서울지방국토관리청,육교형,서울지방국토관리청,2007
215,1231,현암,경기도 여주군 현암동,,37호선,왕복4차선,37,19.0,20.44,127,37.0,51.77,서울지방국토관리청,육교형,서울지방국토관리청,2007
216,1232,진촌,경기도 안성시 삼죽면 진촌리,,38호선,왕복4차선,37,3.0,54.63,127,22.0,24.70,수원국토관리사무소,터널형,서울지방국토관리청,1997
217,1233,매룡,경기도 여주시 매룡동,,42호선,왕복4차선,37,16.0,51.47,127,39.0,27.47,서울지방국토관리청,육교형,서울지방국토관리청,1999
218,1234,송라,경기도 화성시 매송면 송라리,,39호선,왕복4차선,37,16.0,16.68,126,54.0,23.92,수원국토관리사무소,터널형,서울지방국토관리청,2002
219,1235,숙곡,경기도 화성시 매송면 숙곡리,,39호선,왕복4차선,37,15.0,43.27,126,54.0,10.20,수원국토관리사무소,터널형,서울지방국토관리청,2002
220,1236,,경기도 가평군 북면 도대리,,75호선,왕복2차선,37,59.0,29.33,127,26.0,28.27,경기도 도로사업소,터널형,국토교통부,2005
221,1237,,경기도 가평군 북면 도대리,,75호선,왕복2차선,37,56.0,30.80,127,29.0,18.80,경기도 도로사업소,터널형,국토교통부,2007
222,1238,,경기도 가평군 북면 적목리,,75호선,왕복2차선,38,0.0,50.79,127,26.0,31.15,경기도 도로사업소,터널형,국토교통부,2005
223,1239,,경기도 가평군 북면 적목리,,75호선,왕복2차선,38,1.0,3.00,127,26.0,33.20,경기도 도로사업소,터널형,국토교통부,2005
224,1240,,경기도 가평군 북면 적목리,,75호선,왕복2차선,38,1.0,16.40,127,26.0,33.60,경기도 도로사업소,터널형,국토교통부,2005
225,1241,,경기도 가평군 북면 적목리 ,,75호선,왕복2차선,38,1.0,29.70,127,26.0,35.40,경기도 도로사업소,터널형,국토교통부,2007
226,1242,,경기도 가평군 북면 적목리,,75호선,왕복2차선,38,1.0,59.60,127,26.0,38.50,경기도 도로사업소,터널형,국토교통부,2005
227,1243,,경기도 가평군 북면 적목리,,75호선,왕복2차선,38,2.0,11.10,127,26.0,40.50,경기도 도로사업소,터널형,국토교통부,2005
228,1244,,경기도 가평군 북면 적목2리,,75호선,왕복2차선,38,2.0,20.20,127,26.0,49.00,경기도 도로사업소,터널형,국토교통부,2007
229,1245,적목리1호,경기도 가평군 북면 적목리,,75호선,왕복2차선,38,2.0,24.40,127,26.0,58.00,경기도 도로사업소,터널형,국토교통부,2006
230,1246,,경기도 양주시 장흥면 울대리,,39호선,왕복4차선,37,43.0,30.00,126,59.0,26.70,경기도 도로사업소,터널형,의정부국토관리사무소,2005
231,1247,갈운생태통로,경기도 양평군 청운면 갈운리,,6호선,왕복2차선,37,31.0,56.27,127,48.0,4.72,경기도 양평군,터널형,서울지방국토관리청,1987
232,1248,없음,경기도 화성시 팔탄면 가재리,,82호선,왕복4차선,37,9.0,9.29,126,55.0,1.67,경기도,양서 파충류 통로,서울지방국토관리청,2005
233,1249,도라산 생태통로,경기도 파주시 장단면 도라산리 501,,1호선,왕복4차선,37,54.0,5.00,126,41.0,57.00,의정부국토관리사무소,육교형,서울지방국토관리청,2003.10
234,1250,덕현 생태통로,경기도 가평군 상면 덕현리 731,,37호선,왕복4차선,37,45.0,22.00,127,24.0,40.00,의정부국토관리사무소,육교형,서울지방국토관리청,2010.12
235,1251,신복1 생태통로,경기도 양평군 옥천면 신복리 산134-1,,37호선,왕복2차선,37,33.0,37.72,127,28.0,7.42,의정부국토관리사무소,터널형,서울지방국토관리청,1992.12
236,1252,신복2 생태통로,경기도 양평군 옥천면 신복리,,37호선,왕복2차선,37,33.0,35.76,127,28.0,3.95,의정부국토관리사무소,터널형,서울지방국토관리청,1992.12
237,1253,상천1 생태통로,경기도 가평군 청평면 상천리 134-4,,46호선,왕복4차선,37,47.0,16.60,127,27.0,54.50,의정부국토관리사무소,터널형,서울지방국토관리청,1981.12
238,1254,상천2 생태통로,경기도 가평군 청평면 상천리 산93-2,,46호선,왕복4차선,37,46.0,12.40,127,27.0,20.90,의정부국토관리사무소,터널형,서울지방국토관리청,1981.12
239,1255,도평1 생태통로,경기도 포천시 이동면 도평리 503-7(도평교),,47호선,왕복2차선,38,5.0,32.50,127,23.0,38.40,의정부국토관리사무소,육교형,서울지방국토관리청,1992.12
240,1256,도평2 생태통로,경기도 포천시 이동면 도평리 산371-1(약사교 하부),,47호선,왕복2차선,38,4.0,22.30,127,23.0,31.30,의정부국토관리사무소,육교형,서울지방국토관리청,1992.12
241,1257,,충청남도 공주시 신풍면 청흥리,,39호선,왕복2차선,36,28.0,11.90,126,56.0,39.10,충청남도 종합건설사업소 공주지소,육교형,논산국토관리사무소,2008
242,1258,,충청남도 청양군 목면 송암리,,36호선,왕복4차선,36,25.0,55.996115603916,127,0.0,45.004827990168,논산국토관리사무소,터널형,논산국토관리사무소,2008
243,1259,죽령,충청북도 단양군 대강면 용부원리,,5호선,왕복3차선,36,54.0,20.59,128,25.0,53.40,충주국토관리사무소,육교형,충주국토관리사무소,2003
244,1260,신당리,충청북도 충주시 살미면 신당리,,36호선,왕복2차선,36,55.0,14.3,128,3.0,23.2,충주국토관리사무소,양서 파충류 통로,충주국토관리사무소,2007
245,1261,사담리,충청북도 괴산군 청천면 사담리,,37호선,왕복2차선,36,36.0,47.1,127,48.0,52.1,충주국토관리사무소,양서 파충류 통로,충주국토관리사무소,2007
246,1262,장회리,충청북도 단양군 단성면 장회리,,36호선,왕복3차선,36,55.0,50,128,14.0,18.2,충주국토관리사무소,터널형,충주국토관리사무소,2008
247,1263,용부원리,충청북도 단양군 대강면 용부원리,,5호선,왕복3차선,36,54.0,32.5,128,25.0,2.6,충주국토관리사무소,터널형,충주국토관리사무소,2005
248,1264,용부원리2,충청북도 단양군 대강면 용부원리,,5호선,왕복3차선,36,54.0,39.4,128,24.0,36.8,충주국토관리사무소,터널형,충주국토관리사무소,2007
249,1265,용부원리3,충청북도 단양군 대강면 용부원리,,5호선,왕복3차선,36,54.0,33.3,128,24.0,48.9,충주국토관리사무소,터널형,충주국토관리사무소,2007
250,1266,지오생태통로,충청북도 옥천군 군북면 지오리,,37호선,왕복4차선,36,19.0,26.8,127,34.0,23.6,보은국토관리사무소,터널형,대전지방국토관리청,2007
251,1267,증약생태통로,충청북도 옥천군 군북면 증약리,,4호선,왕복4차선,36,20.0,14.3,127,30.0,29.1,보은국토관리사무소,터널형,보은국토관리사무소,2008
252,1268,화성생태통로,충청남도 천안시 동남구 성남면 화성리15-8(병천3.35㎞),,(국도21호선),왕복4차선,36,45.0,12.10,127,16.0,45.60,예산국토관리사무소,육교형,대전지방국토관리청,2004.10.31.
253,1269,장산1생태통로,충청남도 천안시 동남구 수신면 장산리 801-3(병천3.15㎞),,(국도21호선),왕복4차선,36,45.0,13.30,127,16.0,54.60,예산국토관리사무소,육교형,대전지방국토관리청,2006.12.31.
254,1270,장산2생태통로,충청남도 천안시 동남구 수신면 장산리 801-2(병천2.95㎞),,21호선,왕복4차선,36,45.0,16.80,127,17.0,2.40,예산국토관리사무소,육교형,대전지방국토관리청,2007.12.31.
255,1271,장산3생태통로,충청남도 천안시 동남구 수신면 장산리 801-2(병천2.85㎞),,21호선,왕복4차선,36,45.0,17.22,127,17.0,3.30,예산국토관리사무소,육교형,대전지방국토관리청,2006.07.31.
256,1272,풍전생태통로,충청남도 서산시 인지면 풍전리 359-1(서산4.1㎞),,32호선,왕복4차선,36,46.0,4.74,126,25.0,19.57,예산국토관리사무소,육교형,예산국토관리사무소,2010.12.21.
257,1273,진장생태통로,충청남도 서산시 팔봉면 진장리 892-4(서산10.8㎞),,32호선,왕복4차선,36,46.0,44.58,126,21.0,40.75,예산국토관리사무소,육교형,예산국토관리사무소,2010.12.21.
258,1274,,충청남도 서산시 지곡면 무장리,,70호,왕복4차선,36,51.0,56.7,126,26.0,38.1,충청남도 종합건설사업소 홍성지소,터널형,충청남도 종합건설사업소,2005
259,1275,,충청남도 공주시 사곡면 고당리,,629호선,왕복2차선,36,31.0,38.731270626537594,127,1.0,50.394676200348,충청남도 종합건설사업소 공주지소,육교형,충청남도 종합건설사업소,2008
260,1276,풍세동물이동통로,충청남도 천안시 동남구 풍세면 두남리,,629호선,왕복4차선,36,45.0,16.01,127,8.0,6.75,충청남도 종합건설사업소 공주지소,육교형,충청남도 종합건설사업소,2010
261,1277,가대리,충청북도 단양군 가곡면 가대리,,59호선,왕복2차선,37,2.0,2.7,128,24.0,23.8,충청북도 도로관리사업소 충주지소,터널형,충주국토관리사무소,2005
262,1278,가산리,충청북도 단양군 단성면 가산리,,59호선,왕복2차선,36,53.0,53.957575979628,128,18.0,20.275238032704,충청북도 도로관리사업소 충주지소,터널형,충주국토관리사무소,2006
263,1279,가산리2,충청북도 단양군 단성면 가산리,,59호선,왕복2차선,36,53.0,48.718150112868,128,18.0,20.917315490112,충청북도 도로관리사업소 충주지소,터널형,충주국토관리사무소,2007
264,1280,궁종리 생태통로_1,강원도 횡성군 둔내면 궁종리,,6호선,왕복2차선,37,29.0,27.52,128,9.0,14.01,홍천국토관리사무소,터널형,원주지방국토관리청,2005
265,1281,정금리 생태통로,강원도 횡성군 우천면 정금리,,6호선,왕복2차선,37,30.0,47.57,128,5.0,39.94,홍천국토관리사무소,육교형,원주지방국토관리청,2005
266,1282,궁종리 생태통로_2,강원도 횡성군 둔내면 궁종리,,6호선,왕복2차선,37,30.0,27.09,128,8.0,57.36,홍천국토관리사무소,터널형,원주지방국토관리청,2005
267,1283,궁종리,강원도 횡성군 둔내면 궁종리,,6호선,왕복2차선,37,30.0,28.09,128,8.0,58.36,홍천국토관리사무소,터널형,원주지방국토관리청,2005
268,1286,원대리,강원도 인제군 기린면 원대리,,31호선,왕복2차선,38,0.0,41.468596884453596,128,14.0,14.022705085692,홍천국토관리사무소,터널형,원주지방국토관리청,2006
269,1287,하추리,강원도 인제군 인제읍 하추리,,31호선,왕복2차선,38,0.0,37.3183182876024,128,15.0,45.49371338854782,홍천국토관리사무소,터널형,원주지방국토관리청,2007
270,1290,금대리 생태통로,강원도 원주시 판부면 금대리,,42호선,왕복4차선,37,16.0,15.55,128,0.0,33.29,홍천국토관리사무소,육교형,원주지방국토관리청,2008
271,1291,지내리 생태통로,강원도 춘천시 동면 지내리,,46호선,왕복4차선,37,54.0,32.320714174452,127,46.0,13.31703663909624,홍천국토관리사무소,육교형,원주지방국토관리청,2005
272,1292,진고개 생태통로,강원도 평창군 대관령면 병내리,,6호선,왕복3차선,37,45.0,8.26,128,36.0,40.57,강릉국토관리사무소,육교형,강릉국토관리사무소,2002
273,1293,삽당령 생태통로,강원도 강릉시 왕산면 송현리,,35호선,왕복2차선,37,34.0,36.95,128,51.0,10.32,강릉국토관리사무소,육교형,강릉국토관리사무소,2003
274,1294,진부령 생태통로,강원도 고성군 간성읍 진부리,,46호선,왕복2차선,38,16.0,44.255800597641596,128,21.0,20.78985738276,강릉국토관리사무소,육교형,강릉국토관리사무소,2003
275,1295,한계령 생태통로,강원도 인제군 북면 한계리,,44호선,왕복2차선,38,6.0,42.82757676010794,128,21.0,52.598842627608,강릉국토관리사무소,육교형,강릉국토관리사무소,2003
276,1296,제진1 생태통로,강원도 고성군 현내면 제진리,,7호선,왕복4차선,38,33.0,29.14,128,23.0,48.57,강릉국토관리사무소,육교형,원주지방국토관리청,2012
277,1297,진부리 생태통로,강원도 고성군 간성읍 진부리,,46호선,왕복3차선,38,16.0,0.00,128,21.0,25.00,강릉국토관리사무소,터널형,강릉국토관리사무소,2005
278,1298,한계령 생태통로,강원도 인제군 북면 한계리,,44호선,왕복2차선,38,6.0,29.00,128,22.0,24.00,강릉국토관리사무소,육교형,강릉국토관리사무소,2003
279,1299,병내리 생태통로,강원도 평창군 대관령면 병내리,,6호선,왕복3차선,37,45.0,23.32,128,36.0,40.00,강릉국토관리사무소,터널형,강릉국토관리사무소,2005
280,1300,자운리 생태통로,강원도 홍천군 내면 자운리,,31호선,왕복2차선,37,43.0,6.30,128,25.0,22.55,강릉국토관리사무소,터널형,강릉국토관리사무소,2005
281,1301,화방재 생태통로,강원도 영월군 상동읍 천평리,,31호선,왕복2차선,37,7.0,1.98576427457997,128,52.0,42.386238096888,정선국토관리사무소,육교형,정선국토관리사무소,2003
282,1302,백복령 생태통로,강원도 정선군 임계면 직원리,,42호선,왕복2차선,37,31.0,15.090724095168,128,54.0,12.59388445824,정선국토관리사무소,육교형,정선국토관리사무소,2003
283,1303,연정재 생태통로,강원도 영월군 한반도면 후탄리,,38호선,왕복4차선,37,11.0,5.70,128,22.0,48.80,정선국토관리사무소,육교형,정선국토관리사무소,2004
284,1304,무사리 생태이동통로,강원도 삼척시 미로면 무사리,,38호선,왕복4차선,37,34.0,38.30,128,51.0,10.60,정선국토관리사무소,육교형,정선국토관리사무소,2008
285,1305,너그니재 생태이동통로,강원도 정선군 여량면 남곡리,,42호선,왕복2차선,37,29.0,9.60,128,47.0,10.60,정선국토관리사무소,터널형,정선국토관리사무소,2005
286,1306,봉정리 생태이동통로,강원도 정선군 여량면 유천리,,42호선,왕복2차선,37,28.0,7.00,128,44.0,42.90,정선국토관리사무소,터널형,정선국토관리사무소,2006
287,1307,남곡리 생태이동통로,강원도 정선군 여량면 남곡리,,42호선,왕복2차선,37,29.0,19.21,128,47.0,3.74,정선국토관리사무소,터널형,정선국토관리사무소,2008
288,1308,생곡리1호,강원도 홍천군 서석면 생곡리,,56호선,왕복2차선,37,43.0,54.10,128,17.0,30.70,강원도 도로관리사업소,양서 파충류 통로,홍천국토관리사무소,2006
289,1309,생곡리2호,강원도 홍천군 서석면 생곡리,,56호선,왕복2차선,37,44.0,24.20,128,17.0,54.20,강원도 도로관리사업소,양서 파충류 통로,홍천국토관리사무소,2006
290,1310,생곡리3호,강원도 홍천군 서석면 생곡리,,56호선,왕복2차선,37,44.0,33.50,128,18.0,7.60,강원도 도로관리사업소,터널형,홍천국토관리사무소,2006
291,1311,,강원도 양양군 현북면 어성전리,,59호선,왕복2차선,37,57.0,4.10,128,39.0,51.30,강원도 로로관리사업소 강릉지소,육교형,강원도,2005
292,1312,갈천리 1호,강원도 양양군 서면 갈천리,,56호선,왕복2차선,37,56.0,10.40,128,29.0,36.20,강원도 로로관리사업소 강릉지소,터널형,강원도,2006
293,1313,갈천리 2호,강원도 양양군 서면 갈천리,,56호선,왕복2차선,37,55.0,28.60,128,29.0,57.20,강원도 로로관리사업소 강릉지소,터널형,강원도,2006
294,1314,갈천리 3호,강원도 양양군 서면 갈천리,,56호선,왕복2차선,37,54.0,30.60,128,30.0,32.70,강원도 로로관리사업소 강릉지소,터널형,강원도,2006
295,1315,갈천리 4호,강원도 양양군 서면 갈천리,,56호선,왕복2차선,37,55.0,50.80,128,29.0,36.50,강원도 로로관리사업소 강릉지소,터널형,강원도,2006
296,1316,갈천리 5호,강원도 양양군 서면 갈천리,,56호선,왕복2차선,37,54.0,30.80,128,30.0,17.20,강원도 로로관리사업소 강릉지소,터널형,강원도,2006
297,1317,덕우리,강원도 정선군 정선읍,,59호선,왕복2차선,37,21.0,23.8,128,43.0,8.4,강원도 도로관리사업소 태백지소,양서 파충류 통로,정선국토관리사무소,200610
298,1318,실내1 생태이동통로,강원도 화천군 상서면 다목리,,56호선,왕복2차선,38,9.0,47.6,127,31.0,36.3,강원도 도로관리사업소 북부지소,터널형,홍천국토관리사무소,200608
299,1319,실내2 생태이동통로_1,강원도 화천군 상서면 다목리,,56호선,왕복2차선,38,9.0,49.2,127,31.0,36.3,강원도 도로관리사업소 북부지소,터널형,홍천국토관리사무소,200608
300,1320,실내2 생태이동통로_2,강원도 화천군 상서면 다목리,,56호선,왕복2차선,38,9.0,49.2,127,31.0,36.3,강원도 도로관리사업소 북부지소,터널형,홍천국토관리사무소,200508
301,1321,발산통로,경상남도 진주시 이반성면 발산리,,2호선,왕복4차선,35,8.0,11.71,128,21.0,10.62,진주국토관리사무소,육교형,부산지방국토관리청,2005
302,1322,정양통로,경상남도 합천군 대양면 정양리,,33호선,왕복4차선,35,33.0,7.65,128,10.0,4.94,진주국토관리사무소,육교형,부산지방국토관리청,2008
303,1323,상현1통로,경상남도 합천군 봉산면 상현리,,24호선,왕복2차선,35,37.0,57.00,128,1.0,22.00,진주국토관리사무소,양서 파충류 통로,진주국토관리사무소,2007
304,1324,상현2통로,경상남도 합천군 봉산면 상현리,,24호선,왕복2차선,35,37.0,47.00,128,2.0,23.00,진주국토관리사무소,양서 파충류 통로,진주국토관리사무소,2007
305,1325,덕암통로,경상남도 합천군 야로면 덕암리,,26호선,왕복2차선,35,40.0,29.00,128,10.0,29.00,진주국토관리사무소,양서 파충류 통로,진주국토관리사무소,2008
306,1326,대구국토3(교리 생태통로),경상북도 구미시 선산읍 교리,,33호선,왕복4차선,36,15.0,53.08,128,19.0,1.29,대구국토관리사무소,육교형,부산지방국토관리청,2009
307,1327,대구국토4(화양읍 생태통로),경상북도 청도군 화양읍 삼신리,,25호선,왕복4차선,35,40.0,26.24,128,41.0,47.90,대구국토관리사무소,육교형,부산지방국토관리청,2013
308,1328,금강송 생태통로,경상북도 울진군 서면 광회리,,36호선,왕복2차선,36,55.0,57.123494807433595,129,9.0,44.00000000154,경상북도 울진군,육교형,경상북도 울진군,2005
309,1329,행곡 생태통로,경상북도 울진군 근남 행곡리,,36호선,왕복2차선,36,58.0,24.02,129,20.0,59.4,포항국토관리사무소,터널형,포항국토관리사무소,2005
310,1330,청서교,경상북도 포항시 남구 연일읍 우복리 산15-2,,31호선,왕복4차선,35,58.0,36.45,129,20.0,22.50,포항국토관리사무소,육교형,부산지방국토관리청,2006
311,1331,신현육교(병풍육교),경상북도 문경시 마성면 신현리 산43-1 일원,,3호선,왕복4차선,36,39.0,17.90,128,7.0,53.00,영주국토관리사무소,육교형,부산지방국토관리청,1999
312,1332,신암육교,경상북도 영주시 이산면 신암리 산46-1,,36호선,왕복4차선,36,51.0,26.081647891415997,128,42.0,2.994563098224,영주국토관리사무소,육교형,부산지방국토관리청,2005
313,1333,지동육교1,경상북도 영주시 이산면 지동리 산163-2 일원,,36호선,왕복4차선,36,51.0,46.868968102391996,128,42.0,50.512983312420005,영주국토관리사무소,육교형,부산지방국토관리청,2005
314,1334,지동육교2,경상북도 영주시 이산면 지동리 산156-3,,36호선,왕복4차선,36,51.0,58.50,128,43.0,26.20,영주국토관리사무소,육교형,부산지방국토관리청,2005
315,1335,유곡육교,경상북도 봉화군 봉화읍 유곡리 산38-3,,36호선,왕복4차선,36,52.0,57.343136466792,128,45.0,6.232960696824,영주국토관리사무소,육교형,부산지방국토관리청,2005
316,1336,수로암거,경상북도 영주시 풍기읍 수철리 산4-3 일원,,5호선,왕복2차선,36,52.0,9.00,128,27.0,1.00,영주국토관리사무소,터널형,영주국토관리사무소,2005
317,1337,수로암거,경상북도 봉화군 명호면 삼동리 790,,35호선,왕복2차선,36,52.0,40.00,128,56.0,6.00,영주국토관리사무소,터널형,영주국토관리사무소,2008
318,1338,원형수로,경상북도 봉화군 명호면 삼동리 1443-1 일원,,35호선,왕복2차선,36,52.0,15.00,128,54.0,38.00,영주국토관리사무소,터널형,영주국토관리사무소,2008
319,1339,원형수로,경상북도 봉화군 법전면 소천리 27-3,,35호선,왕복2차선,36,53.0,53,128,56.0,42,영주국토관리사무소,터널형,영주국토관리사무소,2009
320,1340,통로암거,경상북도 봉화군 법전면 어지리 97-5,,31호선,왕복3차선(오르막차로1차로포함),36,55.0,7.00,128,58.0,31.00,영주국토관리사무소,육교형,영주국토관리사무소,2005
321,1341,수로암거,경상북도 봉화군 석포면 대현리 440-1,,31호선,왕복2차선,37,3.0,8.00,129,0.0,15.00,영주국토관리사무소,터널형,영주국토관리사무소,2005
322,1342,원형수로,경상북도 봉화군 석포면 대현리 산47-2,,31호선,왕복2차선,37,3.0,44.00,129,0.0,31.00,영주국토관리사무소,터널형,영주국토관리사무소,2007
323,1343,수로암거,경상북도 봉화군 소천면 고선리 105-4,,31호선,왕복2차선,36,58.0,12.92,129,0.0,13.37,영주국토관리사무소,터널형,부산지방국토관리청,2005
324,1344,수로암거,경상북도 봉화군 소천면 고선리 297-5,,31호선,왕복2차선,36,58.0,47.59,128,59.0,34.20,영주국토관리사무소,터널형,부산지방국토관리청,2005
325,1345,수로암거,경상북도 봉화군 소천면 고선리 산61-22,,31호선,왕복2차선,37,0.0,03.92,128,58.0,40.54,영주국토관리사무소,터널형,부산지방국토관리청,2005
326,1346,옹천육교,경상북도 안동시 북후면 옹천리 산30-1,,5호선,왕복4차선,36,41.0,40.66782529884,128,42.0,30.741441787908002,영주국토관리사무소,육교형,부산지방국토관리청,2010
327,1347,용성리 A,경상남도 밀양시 삼랑진읍 용성리 산58-6번지,,58호선,왕복2차선,35,25.0,44.26,128,48.0,24.18,진영국토관리사무소,터널형,진영국토관리사무소,2007
328,1348,용성리 B,경상남도 밀양시 삼랑진읍 용성리 산64-1번지,,58호선,왕복2차선,35,25.0,36.36,128,48.0,30.62,진영국토관리사무소,터널형,진영국토관리사무소,2007
329,1349,,경상북도 성주군 수륜면 신파리,,59호선,왕복2차선,35,49.0,9.7,128,10.0,37.7,경상북도 종합건설사업소,터널형,경상북도,200712
330,1350,,경상북도 성주군 수륜면 백운리,,59호선,왕복2차선,35,49.0,59.7,128,8.0,42.8,경상북도 종합건설사업소,터널형,대구국토관리사무소,200712
331,1351,,경상북도 영천시 신녕면 화서리,,28호선,왕복4차선,36,6.0,14.8,128,44.0,59.8,경상북도 종합건설사업소,육교형,부산지방국토관리청,201112
332,1352,,경상북도 영천시 신녕면 화서리,,28호선,왕복4차선,36,6.0,15.3622674631224,128,44.0,59.790573120336,경상북도 종합건설사업소,육교형,부산지방국토관리청,201112
333,1353,,경상북도 영천시 신녕면 화서리,,28호선,왕복4차선,36,4.0,11.402942739924,128,42.0,43.12857054643176,경상북도 종합건설사업소,육교형,부산지방국토관리청,201112
334,1354,,경상북도 영천시 화산면 덕암리,,28호선,왕복4차선,36,2.0,10.5,128,50.0,23.9,경상북도 종합건설사업소,육교형,부산지방국토관리청,201112
335,1355,,경상북도 예천군 풍양면 청운리,,59호선,왕복4차선,36,31.0,12.2,128,17.0,57.5,경상북도 종합건설사업소 북부지소,육교형,경상북도,2004
336,1356,,경상북도 영양군 수비면 계리,,88호선,왕복2차선,36,45.0,47,129,10.0,43,경상북도 종합건설사업소 북부지소,터널형,부산지방국토관리청,2005
337,1357,지막생태통로,경상남도 산청군 금서면 지막리,,59호,왕복2차선,35,23.0,30.90,127,50.0,50.70,경상남도,터널형,진주국토관리사무소,2008
338,1358,무안광주선 37.48k,광주광역시 광산구 지죽동,,(고속국도 12호선),왕복4차선,35,8.0,20.44,126,44.0,53.46,한국도로공사,육교형,한국도로공사,200801
339,1359,평택제천선 35.10k(갈전육교),경기도 안성시 미양면 갈전리,,(고속국도 40호선),왕복4차선,36,98.0,38.02,127,23.0,90.50,한국도로공사,육교형,한국도로공사,200712
340,1360,평택제천선 34.90k,경기도 안성시 미양면 갈전리,,(고속국도 40호선),왕복4차선,36,98.0,44.9,127,23.0,83.4,한국도로공사,터널형,한국도로공사,200712
341,1361,중부내륙선 263.20k,경기도 여주군 가남면 안금리,,(고속국도 45호선),왕복4차선,37,12.0,51.00,127,36.0,18.01,한국도로공사,터널형,한국도로공사,200212
342,1362,동해선 48.20k(어단육교),강원도 강릉시 구정면 어단리,,(고속국도 65호선),왕복4차선,37,41.0,24.11,128,55.0,3.16,한국도로공사,육교형,한국도로공사,200412
343,1363,동해선 67.70k(석교육교),강원도 강릉시 사천면 석교리,,(고속국도 65호선),왕복4차선,37,41.0,24.11,128,55.0,3.16,한국도로공사,육교형,한국도로공사,200112
344,1364,영동선 226.94k,강원도 강릉시 성산면 보광리,,(고속국도 50호선),왕복4차선,37,44.0,3.77,128,46.0,56.14,한국도로공사,터널형,한국도로공사,2001
345,1365,영동선 228.80k,강원도 강릉시 성산면 보광리,,(고속국도 50호선),왕복4차선,37,44.0,51.68,128,47.0,23.97,한국도로공사,터널형,한국도로공사,2001
346,1366,중앙선 333.46k,강원도 횡성군 횡성읍 갈풍리,,(고속국도 55호선),왕복4차선,37,29.0,16.79,127,56.0,59.24,한국도로공사,터널형,한국도로공사,200110
347,1367,동해선 90.30k(잔교육교),강원도 양양군 현북면 하광정리,,(고속국도 65호선),왕복4차선,38,0.0,21.82,128,42.0,53.12,한국도로공사,육교형,한국도로공사,200912
348,1368,서울양양선 70.31k,강원도 홍천군 북방면 성동리,,(고속국도 60호선),왕복4차선,37,45.0,19.11,127,52.0,52.49,한국도로공사,터널형,한국도로공사,200908
349,1369,청주상주선 41.10k(갈평육교),충청북도 보은군 마로면 갈평리,,(고속국도 30호선),왕복4차선,36,27.0,18.18,127,50.0,53.02,한국도로공사,육교형,한국도로공사,200712
350,1370,청주상주선 24.55k,충청북도 보은군 수한면 교암리,,(고속국도 30호선),왕복4차선,36,28.0,21.39,127,40.0,2.57,한국도로공사,터널형,한국도로공사,200712
351,1371,청주상주선  19.42k,충청북도 보은군 회인면 애곡리,,(고속국도 30호선),왕복4차선,36,28.0,54.59,127,36.0,50.49,한국도로공사,터널형,한국도로공사,200712
352,1372,청주상주선 19.58k(애곡육교),충청북도 보은군 수한면 건천리,,(고속국도 30호선),왕복4차선,36,28.0,52.3092,127,36.0,53.0064,한국도로공사,육교형,한국도로공사,200712
353,1373,당진대전선 53.60k(영정육교),충청남도 공주시 신풍면 영정리,,(고속국도 30호선),왕복4차선,36,30.0,59.67,127,0.0,0.3384,한국도로공사,육교형,한국도로공사,200912
354,1374,당진대전선 61.60k(상서육교),충청남도 공주시 우성면 상서리,,(고속국도 30호선),왕복4차선,36,29.0,11.22,127,4.0,45.9768,한국도로공사,육교형,한국도로공사,200912
355,1375,당진대전선 68.10k,충청남도 공주시 의당면 청룡리,,(고속국도 30호선),왕복4차선,36,29.0,41.98,127,8.0,41.51,한국도로공사,터널형,한국도로공사,200912
356,1376,서해안선 243.45k(운산터널),충청남도 서산시 운산면 신창리,,(고속국도 15호선),왕복4차선,36,45.0,43.218,126,34.0,15.6792,한국도로공사,육교형,한국도로공사,200112
357,1377,당진대전선 1.30k(사기소육교),충청남도 당진시 당진읍 사기소리,,(고속국도 30호선),왕복4차선,36,50.0,32.23,126,37.0,30.46,한국도로공사,육교형,한국도로공사,200912
358,1378,익산장수선 11.40k,전라북도 완주군 용진면 상삼리,,(고속국도 20호선),왕복4차선,35,52.0,53.27,127,11.0,8.26,한국도로공사,양서 파충류 통로,한국도로공사,200712
359,1379,중부선 143.42k,전라북도 장수군 계북면 원촌리,,(고속국도 35호선),왕복4차선,35,46.0,47.95,127,36.0,44.50,한국도로공사,터널형,한국도로공사,200112
360,1380,익산장수선 45.60k,전라북도 진안군 진안읍 물곡리,,(고속국도 20호선),왕복4차선,35,46.0,29.92,127,28.0,12.04,한국도로공사,터널형,한국도로공사,200712
361,1381,무안광주선 24.90k,전라남도 나주시 문평면 대도리,,(고속국도 10호선),왕복4차선,35,4.0,36.48,126,38.0,19.54,한국도로공사,육교형,한국도로공사,200712
362,1382,무안광주선 16.94k,전라남도 함평군 학교면 마산리,,(고속국도 10호선),왕복4차선,35,3.0,27.91,126,33.0,21.59,한국도로공사,터널형,한국도로공사,200712
363,1383,중부내륙선 182.70k,경상북도 문경시 문경읍 마원2리,,(고속국도 45호선),왕복4차선,36,43.0,3.09,128,6.0,13.19,한국도로공사,육교형,한국도로공사,200412
364,1384,청주상주선 76.21k,경상북도 상주시 낙동면 운평리,,(고속국도 30호선),왕복4차선,36,22.0,17.89,128,11.0,51.94,한국도로공사,터널형,한국도로공사,200712
365,1385,청주상주선 59.66k,경상북도 상주시 내서면 고곡리,,(고속국도 30호선),왕복4차선,36,25.0,33.93,128,2.0,38.10,한국도로공사,터널형,한국도로공사,200712
366,1386,청주상주선 57.67k,경상북도 상주시 내서면 서원리,,(고속국도 30호선),왕복4차선,36,25.0,44.64,128,1.0,22.29,한국도로공사,터널형,한국도로공사,200712
367,1387,중부내륙선 146.90k,경상북도 상주시 헌신동,,(고속국도 45호선),왕복4차선,36,25.0,44.58,128,12.0,49.29,한국도로공사,육교형,한국도로공사,200312
368,1388,대구포항선 27.90k,경상북도 영천시 매산동,,(고속국도 20호선),왕복6차선,36,1.0,49.10,128,54.0,30.12,한국도로공사,육교형,한국도로공사,200412
369,1389,대구포항선 19.40k,경상북도 영천시 청통면 신덕리,,(고속국도 20호선),왕복6차선,35,58.0,38.835904736712,128,50.0,29.967422000892,한국도로공사,육교형,한국도로공사,200412
370,1390,대구포항선 33.70k,경상북도 영천시 화남면 죽곡리,,(고속국도 20호선),왕복6차선,36,3.0,12.72,128,57.0,50.19,한국도로공사,육교형,한국도로공사,200412
371,1391,대구포항선 56.80k,경상북도 포항시 북구 기계면 지가리,,(고속국도 20호선),왕복6차선,36,4.0,59.36,129,11.0,42.64,한국도로공사,육교형,한국도로공사,200412
372,1392,중부선 46.76k,경상남도 진주시 정촌면 화개리,,(고속국도 35호선),왕복4차선,35,8.0,3.96,128,6.0,43.03,한국도로공사,터널형,한국도로공사,200512
373,1393,중부선 28.76k,경상남도 고성군 대가면 송계리,,(고속국도 35호선),왕복4차선,35,2.0,59.66,128,16.0,10.78,한국도로공사,양서 파충류 통로,한국도로공사,200512
374,1394,중부선 29.03k,경상남도 고성군 대가면 송계리,,(고속국도 35호선),왕복4차선,35,3.0,4.62,128,16.0,1.46,한국도로공사,양서 파충류 통로,한국도로공사,200512
375,1395,호남선 187.90k(원수육교),전라북도 익산시 여산면 원수리,,(고속국도 25호선),왕복8차선,36,1.0,33.38,127,6.0,11.25,한국도로공사,육교형,한국도로공사,201012
376,1396,순천완주선 49.98k(송내육교),전라북도 남원시 송동면 송내리,,(고속국도 27호선),왕복4차선,35,8.0,18.16,126,44.0,52.23,한국도로공사,육교형,한국도로공사,201012
377,1397,영암순천선 30.36k(토마육교),전라남도 강진군 작천면 토마리,,(고속국도 10호선),왕복4차선,34,40.0,47.416750134546,126,49.0,41.5410385209597,한국도로공사,육교형,한국도로공사,201212
378,1398,평택제천선 70.17k,충청북도 음성군 금왕읍 용계리,,(고속국도 40호선),왕복4차선,36,58.0,37.00,127,35.0,56.10,한국도로공사,터널형,한국도로공사,201312
379,1399,평택제천선 78.47k,충청북도 충주시 신니면 모남리,,(고속국도 40호선),왕복4차선,37,0.0,32.70,127,40.0,46.70,한국도로공사,터널형,한국도로공사,201312
380,1400,평택제천선 27.40k,경기도 안성시 원곡면 반제리,,(고속국도 40호선),왕복4차선,37,2.0,35.34,127,17.0,3.42,한국도로공사,터널형,한국도로공사,200712
381,1401,청주상주선 28.41k,충청북도 보은군 보은읍 지산리,,(고속국도 30호선),왕복4차선,36,27.0,35.68,127,42.0,27.58,한국도로공사,터널형,한국도로공사,200712
382,1402,평택제천선 55.89k,충청북도 진천군 이월면 내촌리,,(고속국도 40호선),왕복4차선,36,56.0,43.20,127,27.0,7,한국도로공사,양서 파충류 통로,한국도로공사,200812
383,1403,서천공주선 25.70k,충청남도 부여군 구룡면 현암리,,(고속국도 151호선),왕복4차선,36,15.0,56.10,126,48.0,12.99,한국도로공사,터널형,한국도로공사,200912
384,1404,무안광주선 21.60k,전라남도 나주시 문평면 송산리,,(고속국도 12호선),왕복4차선,35,4.0,7.37,126,36.0,18.72,한국도로공사,터널형,한국도로공사,200712
385,1405,청주상주선 70.08k,경상북도 상주시 가장동,,(고속국도 30호선),왕복4차선,36,22.0,9.85,128,8.0,1.93,한국도로공사,양서 파충류 통로,한국도로공사,200712
386,1406,청주상주선 65.85k,경상북도 상주시 내서면 능암리,,(고속국도 30호선),왕복4차선,36,23.0,36.58,128,5.0,48.36,한국도로공사,양서 파충류 통로,한국도로공사,200712
387,1407,청주상주선 62.97k,경상북도 상주시 내서면 신촌리,,(고속국도 30호선),왕복4차선,36,24.0,25.71,128,4.0,19.30,한국도로공사,양서 파충류 통로,한국도로공사,200712
388,1408,남해선 79.20k,경상남도 진주시 문산읍 상문리,,(고속국도 10호선),왕복8차선,35,10.0,53.01,128,11.0,47.10,한국도로공사,터널형,한국도로공사,201112
389,1409,남해선 86.17k,경상남도 진주시 지수면 금곡리,,(고속국도 10호선),왕복8차선,35,12.0,32.68,128,15.0,33.55,한국도로공사,터널형,한국도로공사,201112
390,1410,남해선 87.10k,경상남도 진주시 지수면 금곡리,,(고속국도 10호선),왕복8차선,35,12.0,48.08,128,15.0,46.46,한국도로공사,터널형,한국도로공사,201112
391,1411,남해선 93.04k,경상남도 함안군 군북면 박곡리,,(고속국도 10호선),왕복8차선,35,15.0,53.00,128,16.0,44.65,한국도로공사,터널형,한국도로공사,201112
392,1412,남해선 93.30k,경상남도 함안군 군북면 박곡리,,(고속국도 10호선),왕복8차선,35,16.0,10.26,128,16.0,53.36,한국도로공사,터널형,한국도로공사,201112
393,1413,영암순천선 12.65k,전라남도 영암군 학산면 상월리,,(고속국도 10호선),왕복왕복4차선차선,34,42.0,49.23,126,38.0,11.81,한국도로공사,터널형,한국도로공사,201212
394,1414,영암순천선 12.94k,전라남도 영암군 학산면 상월리,,(고속국도 10호선),왕복왕복4차선차선,34,42.0,49.23,126,38.0,11.81,한국도로공사,터널형,한국도로공사,2012.12.
395,1415,영암순천선 66.69k,전라남도 보성군 겸백면 남양리,,(고속국도 10호선),왕복4차선,34,48.0,27.39,127,9.0,28.58,한국도로공사,터널형,한국도로공사,201212
396,1416,하늘공원 진입로_2,울산광역시 울주군 삼동면 조일리,,소로 1-3 호선,왕복2차선,35,28.0,39,129,7.0,57,울산광역시 울주군,육교형,울산광역시,2012
397,1417,용두생태터널,충청남도 아산시 탕정면 용두리 산22(아산시 충무로 72번길 13),,13,왕복6차선,36,49.0,1.96,127,2.0,55.18,예산국토관리사무소,육교형,대전지방국토관리청,2015.04.01.
398,1419,신양생태통로,충청남도 예산군 신양면 대덕리 370-1,,32호,왕복4차선,37,16.0,80.00,127,24.0,39.00,충청남도 종합건설사업소 홍성지소,육교형,대전지방국토관리청,20051201
399,1420,평택제천선 84.20k,충청북도 충주시 신니면 화석리,,고속국도 제40호선,왕복4차선,37,1.0,54.4,127,43.0,45.1,한국도로공사,터널형,한국도로공사,201312
400,1421,평택제천선 84.47k,충청북도 충주시 노은면 문성리,,고속국도 제40호선,왕복4차선,37,2.0,1.4,127,43.0,55.2,한국도로공사,터널형,한국도로공사,201312
401,1422,현암생태통로,경기도 여주시 현암동 640-11,,시도 10호선,왕복4차선,37,19.0,22,127,37.0,50,경기도 여주시,육교형,경기도 여주시,200412
402,1426,토월,경상남도 창원시 성산구 토월동 산 11-2,,25호선,왕복4차선,35,14.0,1.45,128,42.0,17.51,진영국토관리사무소,육교형,경상남도 창원시,20140119
403,1427,중남통로,경상남도 함양군 서하면 송계리 산146-2번지,,26호,왕복1차선,35,40.0,29.00,128,10.0,29.00,진주국토관리사무소,터널형,진주국토관리사무소,20150301
404,1428,생태통로(대대터널:개착식),강원도 고성군 거진읍 송죽리,,7,왕복4차선,38,23.0,57.80,128,27.0,51.25,강릉국토관리사무소,육교형,원주지방국토관리청,2014
405,1429,무안광주선 37.48k,광주광역시 광산구 지죽동(무안광주선 37.48k),,37.48k,왕복4차선,35,8.0,28.00,126,44.0,55.00,한국도로공사,육교형,한국도로공사,2008
406,1430,무안광주선 24.90k,전라남도 나주시 문평면 대도리(무안광주선 24.90k),,24.90k,왕복4차선,35,4.0,46.09,126,38.0,22.76,한국도로공사,터널형,한국도로공사,2007
407,1431,무안광주선 16.94k,전라남도 함평군 학교면 마산리(무안광주선 16.94k),,16.94k,왕복4차선,35,3.0,38.36,126,33.0,23.95,한국도로공사,터널형,한국도로공사,2007
408,1432,순천완주선 49.98k(송내육교),전라북도 남원시 수지면 남창리(순천완주선 49.98k),,49.98k,왕복4차선,35,20.0,35.1,127,20.0,58.8,한국도로공사,육교형,한국도로공사,2010
409,1433,영암순천선 30.36k(토마육교),전라남도 강진군 작천면 토마리(영암순천선 30.36k),,30.36k,왕복4차선,34,40.0,47.5,126,49.0,41.5,한국도로공사,육교형,한국도로공사,2012
410,1434,은봉로 생태통로,인천광역시 남동구 논현동 685,,0,왕복5차선,37,40.0,61.00,126,70.0,55.00,인천광역시,육교형,LH공사,20121231
411,1435,소낭이대고개,인천광역시 남동구 논현동413-24,,0,왕복5,37,41.0,0.00,126,72.0,0.00,인천광역시,육교형,LH공사,20121231
412,1436,무안광주선 21.60k,전라남도 나주시 문평면 송산리(무안광주선 21.60k),,21.60k,왕복4차선,35,4.0,16.91,126,36.0,20.95,한국도로공사,터널형,한국도로공사,2007
413,1437,영암순천선 12.64k,전라남도 영암군 학산면 상월리,,12.64k,왕복4차선,34,42.0,25.1,126,38.0,32.0,한국도로공사,터널형,한국도로공사,2012
414,1439,영암순천선 12.94k,전라남도 영암군 학산면 상월리,,12.94k,왕복4차선,34,42.0,24,126,38.0,42.4,한국도로공사,터널형,한국도로공사,2012
415,1440,영암순천선 66.69k,전라남도 보성군 겸백면 남양리,,10호선,왕복4차선,34,48.0,27.39,127,9.0,28.58,한국도로공사,육교형,한국도로공사,2012
416,1442,은봉로생태통로1,인천광역시 남동구 논현동 685,,0,왕복4차선,37,40.0,61.00,126,72.0,55.00,인천광역시,육교형,LH공사,20121231
417,1443,논현로 생태통로,인천광역시 남동구 논현동 698,,0,왕복4차선,37,40.0,44.00,126,72.0,61.00,인천광역시,육교형,LH공사,20121231
418,1444,앵고개로생태통로,인천광역시 남동구 논현동 787,,0,왕복5차선,37,38.0,99.00,126,72.0,2.00,인천광역시,육교형,LH공사,20121231
419,1445,월정사,강원도 평창군 진부면 동산리,,없음,2차선,37,43.0,36.20,128,35.0,40.00,국립공원관리공단,터널형,환경부,2013
420,1447,갈운생태통로,경기도 양평군 청운면 갈운리 산1-4,,6,왕복2차선,37,31.0,58.00,127,48.0,6.00,경기도 양평군,육교형,서울지방국토관리청,198712
421,1448,옥녀봉생태통로,경상북도 영주시 봉현면 두산리 산32-8,,2호선,왕복2차선,36,50.0,38.45,128,28.0,2.01,경상북도 영주시,육교형,경상북도 영주시,20090101
422,1449,,경상북도 고령군 대가야읍 내곡리,,6호선,왕복2차선,35,40.0,36.29,128,17.0,41.02,경상북도,육교형,경상북도,20101
423,1450,,경상북도 고령군 다산면 송곡리 산74,,중로,왕복4차선,35,47.0,53.54,128,22.0,15.3,경상북도,육교형,경상북도,2010
424,1451,상밖산재,경상북도 청송군 현서면 무계리 산 54-8,,무계-갈천,왕복2차선,36,10.0,31.64,128,58.0,37.04,경상북도,육교형,경상북도,2010
425,1452,논골재,경상북도 청송군 파천면 신기리 산41-7,,송강-옹점,왕복2차선,36,28.0,58.45,129,3.0,41.41,경상북도,육교형,경상북도,2010
426,1453,갈비재,경상북도 청송군 파천면 신흥리 852,,금곡2-신흥,왕복2차선,36,24.0,24.875658826524002,129,2.0,49.691009522399995,경상북도,육교형,경상북도,2011
427,1455,,경기도 연천군 연천읍 고문리 ,,지방도78번,왕복2차선,38,4.0,2.56,127,7.0,39.37,한국수자원공사,육교형,한국수자원공사,2010
428,1456,동물이동통로,세종특별자치시 소정면 고등리 74-21,,32,왕복2차선,36,42.0,40.00,127,12.0,14.00,세종특별자치시,육교형,세종특별자치시,20120615
429,1457,못토재 생태통로,전라북도 순창군 풍산면 죽곡리 725번지,,729,왕복2차선,35,21.0,31.14,127,7.0,8.94,전라북도 도로관리사업소,육교형,전라북도,2006
430,1459,부산포항선 55.3k(범서IC),울산광역시 울주군 범서읍 척과리 산255-10,,(고속국도 65호선),왕복4차선,35,33.0,34.0403363803296,129,14.0,18.8886413832,한국도로공사,터널형,한국도로공사,201512
431,1460,광주대구선 125.8k,경상남도 거창군 남하면 둔마리 925-3(광주대구선 125.8k),,12,왕복4차선,35,42.0,26.91,127,58.0,2.69,한국도로공사,터널형,한국도로공사,2015
432,1461,선암생태통로,전라남도 보성군 벌교읍 옥전리,,30,왕복2차선,34,50.0,47.06,127,13.0,33.04,전라남도 보성군,육교형,전라남도 보성군,20130423
433,1462,광주대구선 28.80k,전라북도 순창군 순창읍 백산리 366-1,,제12호선,왕복4차선,35,21.0,58.20,127,7.0,26.90,한국도로공사,육교형,한국도로공사,20151222
434,1463,녹박재,경기도 안성시 삼죽면 진촌리 산16-1,,38호선,왕복4차선,37,4.0,4.37,127,22.0,43.22,수원국토관리사무소,육교형,수원국토관리사무소,2015
435,1464,광주대구선 52.63k(교룡산터널),전라북도 남원시 신정동,,제12호선,왕복4차선,35,25.0,23.40,127,21.0,42.40,한국도로공사,육교형,한국도로공사,20151222
436,1465,광주대구선 74.37k(사치터널),전라북도 남원시 아영면 아곡리,,제12호선,왕복4차선,35,28.0,42.10,127,33.0,37.00,한국도로공사,육교형,한국도로공사,20151222
437,1466,광주대구선 41.09k,전라북도 남원시 대강면 옥택리 ,,제12호선,왕복4차선,35,23.0,12.30,127,14.0,58.70,한국도로공사,육교형,한국도로공사,20151222
438,1467,광주대구선 89.58k,경상북도 함양군 병곡면 도천리,,제12호선,왕복4차선,35,32.0,34.60,127,41.0,31.70,한국도로공사,육교형,한국도로공사,20151222
439,1468,구천통로,경상남도 진주시 진성면 구천리 산120-4,,2호선,왕복4차선,35,10.0,8.98,128,12.0,55.40,진주국토관리사무소,육교형,진주국토관리사무소,20151215
440,1469,삼봉산 생태통로,전라북도 무주군 무풍면 삼거리 138-47,,37,왕복2차선,35,52.0,23.9,127,49.0,41.5,전라북도 도로관리사업소,터널형,국토교통부,2005
441,1470,덕유산 생태통로,전라북도 무주군 무풍면 삼공리 951-3,,37,왕복2차선,35,52.0,12.2,127,49.0,29.5,전라북도 도로관리사업소,터널형,국토교통부,2007
442,1471,삼봉산 생태통로,전라북도 무주군 무풍면 삼거리 1-12,,37,왕복2차선,35,52.0,12.2,127,49.0,29.5,전라북도 도로관리사업소,터널형,국토교통부,2005
443,1472,덕유산 생태통로,전라북도 무주군 설천면 심곡리 343-5,,37,왕복2차선,35,55.0,14.00,127,45.0,26.80,전라북도 도로관리사업소,육교형,국토교통부,2005
444,1473,거칠봉 생태통로,전라북도 무주군 설천면 두길리 1536-1,,37,왕복2차선,35,58.0,24.7,127,46.0,37.9,전라북도 도로관리사업소,터널형,국토교통부,2005
445,1474,부귀1 생태통로,전라북도 고창군 아산면 주진리 산 4-1,,15,왕복4차선,35,26.0,34.6,126,36.0,48.2,전라북도 도로관리사업소,터널형,전라북도,2013
446,1475,부귀2 생태통로,전라북도 고창군 아산면 학전리 산 122-1,,15,왕복4차선,35,26.0,34.1,126,36.0,41.5,전라북도 도로관리사업소,터널형,전라북도,2013
447,1476,달궁 생태통로,전라북도 남원시 산내면 덕동리 산 215-17,,737,왕복2차선,35,20.0,59.40451046688,127,32.0,2.1195070352879996,전라북도 도로관리사업소,터널형,전라북도,2011
448,1477,고기리 생태통로,전라북도 남원시 주천면 고기리 산 107-9,,737,왕복2차선,35,21.0,53.480319480540004,127,30.0,47.15740965506376,전라북도 도로관리사업소,터널형,전라북도,2011
449,1478,송동 생태통로,전라북도 남원시 송동면 두신리 산16-1,,17호선,왕복4차선,35,21.0,6.149252358324,127,19.0,18.509385213156,남원국토관리사무소,육교형,익산지방국토관리청,20141226
450,1479,입암,전라북도 정읍시 입암면 신면리 산18-1,,1호선,왕복4차선,35,31.0,06.27,126,49.0,43.65,전주국토관리사무소,육교형,익산지방국토관리청,20160930
451,1481,,충청북도 청주시 서원구 수곡동 577-1 ,,1순환로,왕복6차선,36,37.0,20.60,127,28.0,2.29,충청북도 청주시,육교형,LH공사,2005
452,1482,,충청북도 청주시 서원구 모충동 260-17,,매봉로,왕복2차선,36,37.0,26.71,127,28.0,40.23,충청북도 청주시,육교형,충청북도 청주시,0000
453,1483,연대봉생태터널,부산광역시 강서구 천성동 산222-1,,71,왕복1차선,35,1.0,28.37,128,49.0,14.22,부산광역시 강서구,육교형,부산광역시 강서구,20140519
454,1484,서천공주선 25.70k,충청남도 부여군 구룡면 현암리,,고속국도 151호선,왕복4차선,36+,15.0,56.10,126,48.0,12.99,한국도로공사,육교형,한국도로공사,200912
455,1486,광주대구선 28.8k,전라북도 순창군 순창읍 백산리 386-1,,-,왕복4차선,35,21.0,58.00,127,7.0,27.00,한국도로공사,육교형,한국도로공사,20151231
456,1487,예천 종산 생태통로,경상북도 예천군 호명면 종산리 산46-1,,(도로명 없음),왕복4차선,36,37.0,0.8203209144816,128,27.0,31.62350462976,경상북도,육교형,경상북도,20161231
457,1488,초락생태통로,충청남도 당진시 석문면 삼봉리 산90(송산20.80km),,(국도38호선),왕복4차선,37,0.0,14.90,126,31.0,33.70,예산국토관리사무소,육교형,대전지방국토관리청,2016.12.31.
458,1489,송촌생태통로,충청남도 아산시 음봉면 송촌리 257-10(영인1.08km),,43호선,왕복6차선,36,51.0,14.60,127,2.0,17.70,예산국토관리사무소,육교형,대전지방국토관리청,20161231
459,1490,월계생태통로,충청남도 홍성군 장곡면 월계리 산198 (홍성11.80km),,(국도29호선),왕복4차선,36,32.0,27.00,126,44.0,7.30,예산국토관리사무소,육교형,대전지방국토관리청,20161231
460,1491,구룡생태통로,충청남도 홍성군 홍성읍 구룡리 122-3임 (홍성5.44km),,(국도29호선),왕복4차선,36,34.0,57.00,126,41.0,41.90,예산국토관리사무소,육교형,대전지방국토관리청,20161231
461,1492,나주 공산 상방 생태통로,전라남도 나주시 공산면 상방리 산46-4,,23호선,왕복4차선,34,94.0,53.25,126,63.0,43.44,광주국토관리사무소,육교형,익산지방국토관리청,2016.6
462,1493,장성 북이 사거 생태통로,전라남도 장성군 북이면 사거리 산41-2,,1호선,왕복4차선,35,43.0,72.93,126,82.0,7.27,광주국토관리사무소,육교형,익산지방국토관리청,2016.9
463,1495,가계통로,경상남도 산청군 생비량면 가계리 산279-3,,20호선,왕복4차선,35,21.0,36.68,128,3.0,49.50,진주국토관리사무소,육교형,부산지방국토관리청,20150430
464,1496,마쌍통로,경상남도 의령군 대의면 마쌍리 산99,,33호선,왕복4차선,35,22.0,55.12,128,6.0,42.42,진주국토관리사무소,육교형,부산지방국토관리청,20151120
465,1497,덕신통로,경상남도 남해군 설천면 덕신리 산321-4,,19호선,왕복4차선,34,55.0,10.00,127,51.0,40.50,진주국토관리사무소,육교형,부산지방국토관리청,20170309
466,1498,계수터널 생태연결통로,경기도 시흥시 계수동 369-22,,(시도6호선),왕복4차선,37,26.0,45.00,126,49.0,27.00,경기도 시흥시,육교형,경기도 시흥시,2008
467,1499,용산리 생태통로,강원도 춘천시 신북읍 용산리 산25-1번지 일대,,5호선,왕복4차선,37,57.0,28.95,127,43.0,2.27,홍천국토관리사무소,육교형,홍천국토관리사무소,20150102
468,1500,학곡리 생태통로,강원도 춘천시 동내면 학곡리 산68-2번지 일대,,5호선,왕복2차선,37,48.0,59.90,127,45.0,29.84,홍천국토관리사무소,터널형,홍천국토관리사무소,1986012
469,1501,거두리 생태통로,강원도 춘천시 동내면 거두리 산88-14번지 일대,,5호선,왕복2차선,37,52.0,11.109993608334001,127,46.0,36.456830991336,홍천국토관리사무소,육교형,홍천국토관리사무소,20160102
470,1502,샛다리 생태통로,경기도 구리시 교문동 418-2 샛다리어린이공원,, 45번길,왕복2차선,37,35.0,29.4127682612136,127,7.0,41.095733645279935,경기도 구리시,육교형,경기도 구리시,200704
471,1503,대구국토1(매수1 생태통로),경상북도 성주군 벽진면 매수1리,,30,왕복2차선,35,56.0,26.80,128,12.0,23.60,대구국토관리사무소,육교형,대구국토관리사무소,2007
472,1504,대구국토2(매수2 생태통로),경상북도 성주군 벽진면 매수리,,30,왕복2차선,35,56.0,0.90,128,11.0,36.20,대구국토관리사무소,육교형,대구국토관리사무소,2007
473,1505,천보산 어하고개 생태통로,경기도 양주시 율정동 산57-2,,1,왕복2차선,37,48.0,33.6484973702163,127,7.0,13.479712482,경기도 양주시,육교형,경기도 양주시,20170424
474,1506,분천생태통로,경기도 화성시 봉담읍 분천리 437-14,,-,왕복4차선,37,11.0,37,126,57.0,01,수원국토관리사무소,육교형,서울지방국토관리청,20151231
475,1507,마암생태통로,강원도 횡성군 둔내면 마암2리 산281-4번지 일대,,6호선,왕복2차선,37,32.0,31.49,128,12.0,40.48,홍천국토관리사무소,터널형,원주지방국토관리청,20170824
476,1508,삽교리 생태통로1,강원도 횡성군 둔내면 삽교리 산302번지 일대,,6호선,왕복2차선,37,34.0,48.80,128,15.0,20.10,홍천국토관리사무소,육교형,원주지방국토관리청,20171230
477,1509,삽교리 생태통로2,강원도 횡성군 둔내면 삽교리 산306번지 일대,,6호선,왕복2차선,37,34.0,52.27,128,15.0,27.90,홍천국토관리사무소,터널형,원주지방국토관리청,20171230
478,1510,삽교리 생태통로3,강원도 횡성군 둔내면 삽교리 101전 일대,,6호선,왕복2차선,37,34.0,54.93,128,16.0,4.46,홍천국토관리사무소,터널형,원주지방국토관리청,20171230
479,1511,귀락 생태통로,경기도 의정부시 자일동 산 56-15,,중로1-29,왕복4차선,37,45.0,19.00,127,6.0,53.00,경기도 의정부시,육교형,경기도,2004
480,1512,사패 생태통로,경기도 의정부시 의정부동 산 4-7,,광로3-1,왕복6차선,37,44.0,13.00,127,1.0,46.00,경기도 의정부시,육교형,경기도,1998
481,1513,장암 생태통로,경기도 의정부시 장암동 산 21-14,,대로1-2,왕복12차선,37,42.0,51,127,3.0,39,경기도 의정부시,육교형,경기도,2014
482,1514,효자봉 생태통로,경기도 의정부시 신곡동 산 25-23,,대로3-5,왕복6차선,37,44.0,24,127,4.0,09,경기도 의정부시,육교형,경기도,2009
483,1515,갈사만진입도로3호선 생태이동로,경상남도 하동군 금성면 가덕리 산173-16번지 일원,,3호선,왕복4차선,34,58.0,38.45,127,48.0,42.25,경상남도,육교형,경상남도,20160603
484,1516,동물이동통로,경기도 의왕시 고천동   산 55-5 (서수원~의왕간 고속화도로 13.07km) ,,309호선 ,왕복6~8차선,37,20.0,11.80,126,58.0,23.42,경기남부도로(주),육교형,경기도,201301
485,1517,절토육교,경기도 의왕시 월암동  산 46-3 (서수원~의왕간 고속화도로 13.07km) ,,309호선 ,왕복6~8차선,37,19.0,2.04,126,57.0,59,경기남부도로(주),육교형,경기도,201301 
486,1518,동해선 16.60k(지흥터널),강원도 동해시 지흥동,,65,왕복4차선,37,30.0,0.90,129,5.0,29.00,한국도로공사,육교형,한국도로공사,201612
487,1519,동해선 110.31k(강현1터널),강원도 양양군 강현면 석교리,,65,왕복4차선,38,7.0,43.50,128,34.0,45.20,한국도로공사,육교형,한국도로공사,201612
488,1520,동해선 112.82k(강현2터널),강원도 양양군 강현면 강선리,,65,왕복4차선,38,9.0,1.50,128,35.0,6.20,한국도로공사,육교형,한국도로공사,201612
489,1521,동해선 117.93k(노학터널),강원도 속초시 노학동,,65,왕복4차선,38,10.0,48.5,128,33.0,28,한국도로공사,육교형,한국도로공사,201612
490,1522,서울양양선 82.96k,강원도 홍천군 화촌면 군업리 산220-12,,60,왕복4차선,37,45.0,27.90,128,0.0,54.70,한국도로공사,육교형,한국도로공사,201707
491,1523,서울양양선 85.43k,강원도 홍천군 화촌면 장평리 산236-1,,60,왕복4차선,37,45.0,16.90,128,2.0,34.40,한국도로공사,육교형,한국도로공사,201707
492,1524,서울양양선 93.84k,강원도 홍천군 내촌면 와야리 산266-1,,60,왕복4차선,37,47.0,17.10,128,7.0,27.30,한국도로공사,육교형,한국도로공사,201707
493,1525,서울양양선 104.86k,강원도 인제군 상남면 상남리,,60,왕복4차선,37,49.0,38.90,128,13.0,21.30,한국도로공사,육교형,한국도로공사,201707
494,1526,서울양양선 105.19k,강원도 인제군 상남면 상남리,,60,왕복4차선,37,49.0,51.50,128,13.0,38.00,한국도로공사,육교형,한국도로공사,201707
495,1527,갈매생태통로,경기도 경기 구리시 갈매동 산 69-183,,도로명미부여,왕복4차선,37,62.0,0.00,127,11.0,33.00,LH공사,육교형,LH공사,20180701
496,1528,동물이동통로,경기도 의왕시 고천동 산55-5,,309호선,왕복6차선,37,20.0,11.80,126,58.0,23.42,경기남부도로(주),육교형,경기남부도로(주),20130101
497,1529,절토육교,경기도 의왕시 월암동 산46-3,,309호선,왕복6차선,37,19.0,2.04,126,57.0,59,경기남부도로(주),육교형,경기남부도로(주),20130101
498,1530,낙양 생태통로,경기도 의정부시 낙양동 산116-1,,대로3-42,왕복6차선,37,45.0,11.3,127,5.0,54.0,경기도 의정부시,육교형,경기도 의정부시,2014
499,1531,회곡 생태통로,경기도 가평군 설악면 회곡리 841,,37호선,왕복2차선,37,41.0,12.00,127,27.0,48.00,의정부국토관리사무소,육교형,서울지방국토관리청,199412
500,1532,민락 생태통로,경기도 의정부시 낙양동 산116-1,,3호선,왕복6차선,37,45.0,12,127,5.0,53,의정부국토관리사무소,육교형,서울지방국토관리청,20158
501,1533,고암 생태통로,경기도 양주시 고암동 산44-3,,3호선,왕복6차선,37,49.0,36.00,127,4.0,24.00,의정부국토관리사무소,육교형,서울지방국토관리청,201412
502,1534,생태육교 생태통로,경기도 가평군 청평면 고성리 산79-1,,75호선,왕복2차선,37,42.0,31.00,127,29.0,48.00,의정부국토관리사무소,육교형,서울지방국토관리청,2017.12.01.
503,1535,옥암생태통로,충청남도 홍성군 홍성읍 옥암리 874-2 (해미21.7Km),,(국도29호선),왕복4차선,36,35.0,8.24,126,37.0,58.48,예산국토관리사무소,육교형,예산국토관리사무소,20171231
504,1536,구항생태통로,충청남도 홍성군 홍성읍 월산리 산 186-2 (해미21.7Km),,(구국도),왕복2차선,36,35.0,12.24,126,37.0,58.40,예산국토관리사무소,육교형,예산국토관리사무소,20171231
505,1537,동물이동통로,경기도 의왕시 고천동 산55-5,,지방도309호선,왕복6차선,37,20.0,11.80,126,58.0,23.42,경기남부도로(주),육교형,경기남부도로(주),20130101
506,1538,절토육교,경기도 의왕시 월암동 산46-3,,지방도309호선,왕복6차선,37,19.0,2.04,126,57.0,59,경기남부도로(주),육교형,경기남부도로(주),20130101
507,1539,신단생태통로,경상남도 거창군 고제면 봉계리,,1,왕복2차선,35,53.0,56.00,127,51.0,55.70,경상남도,육교형,경상남도,20171231
508,1540,,부산광역시 기장군 정관읍 모전리,,60,왕복4차선,35,20.0,45.5,129,9.0,30.8,부산광역시,육교형,부산광역시,20171130
509,1541,계룡생태통로,충청남도 공주시 반포면 학봉리,,1,왕복2차선,36,20.0,46.3,127,15.0,09.5,국립공원관리공단,육교형,충청남도,20171130
510,1542,남부생태통로,충청남도 홍성군 홍성읍 옥암리,,29,왕복4차선,36,34.0,51.5,126,38.0,12.4,국토교통부,육교형,국토교통부,20171231
511,1543,용화생태통로,경상북도 상주시 화북면 운흥리,,37,왕복2차선,36,35.0,40.5,127,48.0,04.4,국토교통부,육교형,국토교통부,20171130
512,1544,,경상남도 진주시 진성면 구천리,,2,왕복4차선,35,10.0,08.7,128,13.0,00.8,국토교통부,육교형,국토교통부,20131130
513,1545,,전라남도 보성군 득량면 삼정리,,2,왕복4차선,34,46.0,27.1,127,7.0,20.3,전라남도,육교형,전라남도,20151130
514,1546,,강원도 홍천군 화촌면 군업리  산220-12,,60,왕복4차선,37,45.0,27.6,128,0.0,54.5,한국도로공사,육교형,한국도로공사,20171229
515,1547,,강원도 홍천군 내촌면 물걸리  산386-2,,60,왕복4차선,37,47.0,17.6,128,7.0,28.8,한국도로공사,육교형,한국도로공사,20171231
516,1548,,강원도 인제군 상남면 상남리  1627-5,,60,왕복4차선,37,50.0,03.6,128,13.0,41.9,한국도로공사,육교형,한국도로공사,20171130
517,1549,,강원도 인제군 상남면 상남리  1649-5,,60,왕복4차선,37,49.0,53.1,128,13.0,34.3,한국도로공사,육교형,한국도로공사,20171228
518,1550,어하생태통로,경기도 포천시 소흘읍 이동교리,,9,왕복2차선,37,48.0,33.9,127,7.0,13.5,경기도,육교형,경기도,20171231
519,1551,,경기도 안성시 삼죽면 진촌리,,38,왕복2차선,37,4.0,04.5,127,22.0,42.8,국토교통부,육교형,국토교통부,20161230
520,1552,,경상북도 김천시 봉산면 광천리,,4,왕복4차선,36,12.0,09.1,128,0.0,25.9,국토교통부,육교형,국토교통부,20181230
521,1553,,강원도 강릉시 연곡면 삼산리,,6,왕복4차선,37,45.0,59.805212270724,128,36.0,37.45557462106776,국토교통부,육교형,국토교통부,20171224
522,1554,,전라북도 장수군 번암면 유정리 ,,12,왕복4차선,35,28.0,40.859077660104,127,32.0,45.03369466068,한국도로공사,터널형,한국도로공사,20171130
523,1555,,전라북도 장수군 번암면 노단리,,751,왕복2차선,35,31.0,51.6,127,33.0,39.5,전라북도,터널형,전라북도,20151231
524,1556,,경상북도 김천시 봉산면 광천리,,1,왕복6차선,36,12.0,12.2,128,0.0,04.8,한국도로공사,육교형,한국도로공사,20191231
525,1557,,경상북도 김천시 봉산면 광천리,,1,왕복2차선,36,12.0,08.0,128,0.0,17.1,경상북도 김천시,육교형,경상북도 김천시,20200501
526,1558,,경기도 포천시 소흘읍 직동리,,98,왕복2차선,37,45.0,11.10,127,10.0,8.00,경기도,육교형,경기도,20190731
527,1559,,울산광역시 울주군 두서면 활천리,,1,왕복4차선,35,40.0,59.8,129,10.0,52.7,한국도로공사,육교형,한국도로공사,20191031
528,1560,,충청남도 천안시 서북구 입장면,,57,왕복2차선,36,53.0,16.40,127,16.0,3.80,충청남도,육교형,충청남도,20190821
529,1561,모락산터널,경기도 의왕시 내손동 산142번지,,125호선,왕복2차선,37,22.0,30.90,126,59.0,27.20,경기도 의왕시,육교형,경기도 의왕시,200704
530,1562,용암,전라북도 완주군 상관면 용암리 666번지,,17호선,왕복4차선,35,42.0,0.49,127,14.0,44.10,전주국토관리사무소,육교형,전주국토관리사무소,20210422
531,1564,삼척노곡,강원도 삼척시 원덕읍 노곡리 산146-3,,7호선,왕복4차선,37,12.0,33.19,129,20.0,14.09,강릉국토관리사무소,육교형,강릉국토관리사무소,20210907
532,1565,절토육교,경기도 의왕시 월암동 산46-3,,지방도 309호선,왕복6차선,37,19.0,2.04,126,57.0,59,경기남부도로(주),육교형,경기남부도로(주),20130101
533,1566,동물이동통로,경기도 의왕시 고천동 산55-5 ,,지방도309호선,왕복6차선,37,20.0,11.80,126,58.0,23.42,경기남부도로(주),육교형,경기남부도로(주),20130101
534,1567,,경기도 영중면 거사리 산3-22번지 일원,,3-30,왕복2차선,37,59.0,30.6,127,13.0,43.23,경기도 포천시,육교형,경기도 포천시,20211231
535,1568,한북정맥(비득재) 생태축,경기도 소흘읍 직동리 산9-5번지 일원(죽엽산 비득재),,383,왕복2차선,37,47.0,10.6,127,9.0,53.33,경기도 포천시,육교형,경기도 포천시,20191031
536,1569,황고개,경기도 시흥시 장곡동,,황고개로,왕복4차선,37,52.0,49.00,128,30.0,52.00,경기도 시흥시,육교형,경기도 시흥시,2022.05.02.
537,1570,각흘고개,충청남도 충청남도 아산시 송악면 거산리 산76-1,,39,왕복4차선,36,39.0,8.00,126,58.0,57.00,국토교통부,육교형,국토교통부,20190101
538,1571,,강원도 강원도 삼척시 원덕읍 노곡리,,7,왕복4차선,37,12.0,33,129,20.0,14,국토교통부,육교형,국토교통부,20210101
539,1572,,제주특별자치도 제주특별자치도 제주시 용강동,,1131,왕복2차선,33,25.0,39,126,36.0,02,제주특별자치도,터널형,제주특별자치도,20080101
