,지역,가맹점명,분류,주소,Latitude,Longitude
21325,전남,오즈모텔,숙박,전라남도 영암군 신북면 금교로 11 로즈모텔,34.9112113,126.7012326
12622,경기,블랑호텔,숙박,경기 과천시 중앙로 131 현대빌딩 (중앙동),37.4283384,126.9913404
7549,경북,경산 용암웰빙스파,관광지,경북 경산시 압량면 금구길 23 (금구리),35.8537152,128.7647431
14121,충북,야생화느낌자수(궁중매듭공예),문화체험,충청북도 제천시  풍양로 108 중앙시장상가 2층 가동 104호,37.136624,128.2113501
13335,인천,남동볼링센터,체육시설,"인천 남동구 인하로535번길 39 1,2층 ",37.4448239,126.7061459
13394,충북,럭키볼링센타,체육시설,충북 청주시 청원구 율봉로187번길 10-11 1층,36.6693629,127.4906991
2173,광주,야구쟁이,체육용품,광주 북구 독립로237번길 16 (누문동),35.1536011,126.9085581
13135,제주,아뜨네 민박,숙박,제주특별자치도 제주시 애월읍 상하귀길 91 B동,33.475733,126.4163508
22497,경기,책나래,도서,경기도 남양주시 진접읍 장현로 77 장현프라자 4층 412-1호,37.7175755,127.180751
19907,서울,예체능공간(사단법인 예체능융합문화교육협회),문화체험,서울특별시 은평구  연서로32길 16-1 지하 1층,37.6191534,126.9242332
9723,강원,쿵쿵소 캠핑장,관광지,강원 평창군 봉평면 덕거길 356-12,37.6542407,128.4079065
1999,대구,영일렌트카 (주),교통수단,대구 북구 대현로 69 (대현동),35.8838455,128.6071357
17609,전남,해진해운,교통수단,전남 신안군 압해읍 송공리 718-64,34.8497745,126.2290659
6036,전남,오거리사진관,미술,전남 목포시 영산로75번길 2,34.7894979,126.3851215
18100,충남,삼성스포츠(삼성광고&스포츠),체육용품,충청남도 부여군 부여읍 성왕로 285,36.2836137,126.9188361
10345,인천,롯데컬처웍스㈜롯데시네마 부평역사,영상,"인천 부평구 광장로 16 (부평동, 부평민자역사) ",37.4903861,126.7236421
3677,충북,오송문구서점,도서,충북 청주시 흥덕구 오송읍 오송가락로 235 오송단지내상가 103 (만수리),36.6324947,127.328635
20760,전남,문구나라,미술,전라남도 진도군 진도읍 성내길 10,34.4851016,126.265561
22529,경기,어쿠스틱준,음악,경기도 화성시  동탄기흥로257번가길 21 동탄프리미엄아울렛 F동 2층 203호,37.1944769,127.0937082
5318,경기,현대사,미술,경기 동두천시 중앙로353번길 23 101호,37.9140448,127.0561919
1306,경기,극단즐거운사람들,공연,경기도 양주시 광적면 부흥로618번길 303 양주문화예술회관 2층 극단즐거운사람들,37.8131434,126.9721575
17130,전남,삼호버스종합터미널(고속),교통수단,전남 영암군 삼호읍 삼호중앙로 246,34.7458473,126.4773484
17297,서울,문화기획 이유,공연,서울특별시 성북구  삼선교로11길 18 2층,37.5885671,127.0097795
4499,경기,(주)대명레저산업-양평지점/콘도,숙박,경기 양평군 개군면  389-7,37.4259363,127.5367791
14251,경기,신길수영장(안산도시공사),체육시설,경기도 안산시 단원구  새뿔길 55 삼익아파트,37.3372259,126.7775233
22785,서울,양화진책방(홍성사),도서,서울특별시 마포구  양화진4길 3 합정동 서고 1층,37.5471823,126.9120903
722,광주,e모텔,숙박,광주 광산구 우산동 무진대로231번길 13-12,35.1629449,126.8054774
7473,경기,이솝포토,미술,경기 포천시 중앙로 121,37.8973457,127.2028683
14486,경기,운양동주민자치센터,문화체험,경기도 김포시  모담공원로 32 운양동주민센터,37.6493088,126.6849894
7510,부산,대한도서,도서,부산 북구 덕천1길 10 (덕천동),35.2095697,129.0062088
1314,강원,원주온천,관광지,강원 원주시 강변로 231-2,37.3285233,127.9621179
7215,경북,책이랑문구랑,도서,경북 경주시 안강읍 구부랑길 48,36.0016751,129.1970044
4394,경기,앙뜨리스튜디오,미술,경기 수원시 영통구 태장로 87 2층,37.2393994,127.0556413
4158,경남,희망서점,도서,경남 산청군 산청읍 웅석봉로 25,35.4146736,127.8757462
13,전남,모텔리빙,숙박,전남 여수시 공화북2길 15,34.7456094,127.7419635
6776,경기,화성아트홀((재)화성시문화재단),공연,경기도 화성시  태안로 145 화성시 여성청소년 수련관 화성아트홀,37.2029904,127.0331438
20084,제주,디바샵댄스학원,체육시설,제주특별자치도 제주시  동화로 34 2층,33.51845,126.5727211
14391,서울,안전한자전거센터,체육용품,서울특별시 광진구  광나루로52길 63-1 안전한자전거센터,37.5396669,127.0923102
1957,부산,보성서점,도서,부산 사하구 괴정동  537-21,35.0951022,128.9877462
13762,경남,해인사터미널,교통수단,경남 합천군 가야면 치인리 산 17,35.7920994,128.0885899
21481,서울,책과함께,도서,서울특별시 성북구  장위로20길 11-1 1층,37.6133878,127.0431983
4781,경남,태양별장여관,숙박,경남 사천시 목섬길 41,34.9249181,128.0754318
16734,서울,두산 베어스(㈜위팬),체육용품,서울 송파구 올림픽로25 잠실야구장,37.5122579,127.0719011
5014,강원,소망사진실,미술,강원 원주시 명륜1동 261-11,37.338309,127.9512754
12920,충북,별둘레코드 하늘대리점,음악,충북 영동군 영동읍 중앙로 30,36.1744981,127.7769554
10443,전북,웅진서적 효자점,도서,전라북도 전주시 완산구  호암로 67,35.809062,127.102239
1632,서울,삼천리자전거 마곡나루점,체육용품,서울 강서구 마곡서1로 132 상가동1층102호,37.5764888,126.8307466
22080,서울,대한극장,영상,서울 중구 퇴계로 212,37.56103,126.9953279
4392,경기,원천침례교회서적,도서,경기 수원시 영통구 원드컵로 70 중앙기독초등학교신관 3층 서점,37.2749601,127.0576983
9967,전북,가인교육농장,관광지,전북 순창군 복흥면 가인로 442-103 체험학습장 (답동리),35.4407664,126.9830525
745,대구,주니어 문구센터,도서,대구 달서구 당산로 30길 6,35.8494036,128.5474543
20048,서울,두발자전거,체육용품,서울특별시 영등포구  대림로 120 1층 1호,37.4921085,126.9022848
9540,경기,태성사진관,미술,경기 의정부시 가능2동 725-23,37.7465287,127.0372554
7835,전북,삼천리자전거 군산성진점,체육용품,전북 군산시 팔마로 141-1,35.9737474,126.7168735
10701,경기,오산시외버스터미널,교통수단,경기 오산시 오산동 881-1,37.1457186,127.068047
12336,경기,오산버스터미널(고속),교통수단,경기 오산시 오산동 881-1,37.1457186,127.068047
7016,경남,세이,도서,경남 창원시 의창구 도계로95번길 10-22 (도계동),35.2561706,128.6415291
15287,경북,민스포츠,체육용품,경상북도 영주시  대동로 57-1,36.8148022,128.6193685
492,제주,자인빌리지펜션,숙박,제주 서귀포시 하신상로 174-21,33.2746746,126.609829
5398,강원,예미역,교통수단,강원 정선군 신동읍 예미6리 200-1,37.2297433,128.66395
6141,전남,나로도수산업협동조합,교통수단,전남 고흥군 봉래면 나로도항길 135,34.465067,127.4539247
15004,전남,CGV 나주,영상,전남 나주시 빛가람로 203-3 티씨씨타워 4층,35.0157729,126.756466
12243,서울,삼천리자전거 구의점,체육용품,서울 광진구 광나루로 524,37.544695,127.087674
7446,부산,광명서점,도서,부산 북구 구포동  1202-20번지,35.2047001,129.0103659
5419,경기,주식회사 다올렌트카,교통수단,경기 고양시 일산동구 백마로213번길  36 (장항동),37.6557523,126.773237
4584,경기,샵앤,숙박,경기 이천시 창전동 영창로227번길 9 화이트하우스호텔,37.2812441,127.4477968
21450,대구,윙스세라믹,문화체험,대구광역시 달서구  조암로 9 테라스빌딩 114호,35.825289,128.5286888
14540,전북,천년의소리종합예술단,공연,전라북도 전주시 완산구  동부대로 82-28 천년의소리종합예술단,35.8025616,127.1949975
15078,제주,대보코아볼링장,체육시설,제주 제주시 도령로 11,33.4870338,126.480563
11109,대구,극단 좋은사람들,공연,대구광역시 북구  호국로43길 31 202호,35.9210115,128.5957118
4368,경북,푸실(구 송강정사),숙박,경북 상주시 사벌면 용마로 560,36.4519818,128.2436995
18580,전북,꿈꾸는소리,도서,전라북도 완주군 삼례읍 삼봉5로 60 사회적기업사무실 2층 꿈꾸는소리,35.9093122,127.0716446
17419,경남,기억나무 사진관,미술,경상남도 창원시 마산합포구  동서북10길 82 우리은행 1층,35.2063477,128.576138
2322,서울,다산서적,도서,서울 관악구 대학6길 19 (신림동),37.468899,126.9365204
934,충북,북청주터미널,교통수단,충북 청주시 상당구 우암동 323-21,36.6503891,127.4869532
17395,울산,원스튜디오,미술,울산광역시 남구  신복로 10,35.5476735,129.2611077
11936,울산,울산역,교통수단,울산 울주군 삼남면 신화리 471,35.551878,129.138376
7126,대전,(재)천주교성바오로딸수도회,도서,대전 중구 대종로 471,36.326795,127.4264075
12511,대구,코모도,숙박,대구 동구 효동로 19-1 (효목동),35.8800018,128.6482764
753,대구,작품하나,미술,대구광역시 중구  국채보상로 580 대현프리몰 B19호 작품하나,35.8708357,128.5952827
21248,강원,메이힐스리조트,숙박,강원도 정선군 고한읍 물한리길 8 메이힐스리조트,37.2114439,128.835101
10985,경기,노스탈자(에스아이엔플러스주식회사),숙박,"경기 파주시 탄현면 성동로 34, 3동 ",37.7772271,126.6877375
6866,경북,(재)청도우리정신문화재단,문화체험,경북 청도군 운문면 방지7길 1,35.7115734,128.9218926
22567,대전,대전동구문화원(생활문화센터),문화체험,대전광역시 동구  동구청로 60 생활문화센터 (가오동),36.3042074,127.459379
2316,부산,녹천호텔,숙박,부산 동래구 온천동96-6,35.2203741,129.0807283
13038,경기,광명시 여성비전센터 수영장,체육시설,경기도 광명시  오리로366번길 6 광명시여성회관 광명시 여성비전센터 수영장,37.435483,126.879417
6453,서울,유진서적,도서,서울특별시 구로구  새말로 117-21 신도림역 1호선 유진서적,37.5088099,126.8912061
9787,전북,태산선비마을,관광지,전북 정읍시 칠보면 칠보산로 1507,35.5732404,126.9500947
15864,광주,삼천리자전거 광주교대점,체육용품,광주 북구 필문대로 17-2 (풍향동),35.1643258,126.9291694
5903,서울,중앙서점,도서,서울 종로구 청계천로 345 (창신동),37.5715615,127.0137166
17935,서울,올림픽스포츠,체육용품,서울특별시 동대문구  전농로 129-1 1층,37.5765614,127.0575188
16490,전북,마이골 작은영화관,영상,전라북도 진안군 진안읍 중앙로 40,35.7912188,127.4264228
3636,전남,뉴 낙원모텔,숙박,전남 여수시 오동도로 90 (수정동),34.7423224,127.7514237
8237,충북,탄금승마클럽,체육시설,충북 충주시 창현로 1433,36.9277429,127.8652224
12596,서울,(주)LYS,숙박,서울 송파구 백제고분로 187206호,37.5079559,127.0981246
7378,대전,(주)에버투어,여행사,"대전 중구 보문로 337 405호 (선화동,선화현대빌딩 ) ",36.3276018,127.4180458
11255,인천,부평복음서점,도서,인천 부평구  시장로 12 (부평동),37.4918561,126.7254756
14223,서울,이화동 주민자치위원회,체육시설,서울특별시 종로구  이화장길 33 이화동주민센터,37.5769507,127.0043278
14503,서울,이화동 주민자치위원회,문화체험,서울특별시 종로구  이화장길 33 이화동주민센터,37.5769507,127.0043278
17460,서울,유진갤러리,미술,서울특별시 강남구  압구정로77길 17,37.5262633,127.0476304
20114,부산,부산양서협동조합서점,도서,부산광역시 해운대구  마린시티3로 1 썬프라자 3층 328호,35.1578626,129.1475639
8695,전남,애플모텔,숙박,전남 목포시 산정로152번길 13 (용당동),34.8027344,126.3941081
16745,대전,책방채움,도서,"대전 유성구 반석동로 40번길 92-14, 102호 ",36.389823,127.3143217
8779,전북,유한회사 명품투어,여행사,"전북 익산시 무왕로 1053, 롯데마트 2층 ",35.9592947,126.9671608
14832,서울,메가박스 센트럴시티,영상,서울 서초구 신반포로 176 센트럴시티빌딩 지하 1층,37.5041299,127.0030692
9986,경기,풀하우스스튜디오,미술,경기 안산시 단원구 고잔동 539 304호,37.3187209,126.8372407
16547,경기,성남악기사(성남악기 SNMUSIC),음악,경기도 성남시 중원구  산성대로 260,37.4407489,127.1463494
20953,전북,아침바다펜션,숙박,전라북도 부안군 변산면 궁항로 72-13,35.6105436,126.4725661
11002,경기,(주)지오렌터카 수원본점,교통수단,경기도 수원시 팔달구  중부대로 55,37.2757408,127.0229498
19479,경기,(주)경인문고 소풍점,도서,경기도 부천시  송내대로 239 부천터미널소풍 지하1층,37.5043106,126.7577131
2133,광주,별밤,숙박,광주 북구 경양로 147번길 8-6 1-2층 (중흥동),35.161072,126.9084858
21220,경북,성우서적,도서,경북 포항시 북구 삼호로203번길 9지하1층,36.0568333,129.3759439
3811,제주,꽃머채팬션,숙박,제주 제주시 애월읍 소길남길 202-4,33.4185239,126.3768175
10815,충남,서산기독교백화점,도서,충남 서산시 동문동 안견로 237-1,36.7777221,126.457146
12739,서울,헌릉,관광지,서울특별시 서초구  헌인릉길 36-10 헌인릉,37.464935,127.0817676
1841,대전,대한종합상사,도서,대전 서구 배제로188,36.3254178,127.3706725
12531,강원,고한역,교통수단,강원 정선군 고한읍 고한19리 99-1,37.200866,128.85298
7613,경북,하양기독교 백화점,도서,"경북 경산시 하양읍 대경로147길 26, 2층 ",35.9139967,128.8198575
10241,경기,CGV 시흥,영상,경기도 시흥시  복지로 90 CGV,37.4469609,126.7916617
3778,인천,역전스튜디오,미술,인천 부평구 동암남로9,37.4709763,126.7046631
1641,경북,빅민턴,체육용품,"경북 안동시 경동로 863, 1층 ",36.5597974,128.7509644
6223,제주,제주스테이 비우다,숙박,제주 서귀포시 색달중앙로121번길 45,33.2647931,126.4082394
4780,경남,두란노서원,도서,경남 사천시 한내로 9,34.9332269,128.0756627
14870,강원,원주스포츠,체육용품,강원도 원주시  이화1길 14,37.3398084,127.9361819
14515,충남,문경서점,도서,충청남도 금산군 금산읍 금산로 1484 한국광고,36.1059709,127.4898621
9532,경남,크레파스스튜디오,미술,경남 창원시 진해구 진해대로921번길 4 뉴시티 4층,35.1471203,128.7074346
2989,전남,보성역,교통수단,전남 보성군 보성읍 현충로 90,34.7668571,127.0817411
20965,강원,제일종합상사,미술,강원도 인제군 남면 신남로58번길 13,37.9674001,128.08122
11863,강원,강원 화천 파로호생태 정보화마을,관광지,강원 화천군 간동면 파로호로 748-5,38.0654547,127.781222
20151,경기,책먹는돼지,도서,경기도 수원시 팔달구  세지로 300 1층,37.2779007,127.02393
14208,대전,방탈출카페 이스케이프탑(대전점),문화체험,"대전 중구 대종로 480번길 14,3층 이스케이프탑 ",36.3274515,127.4274173
20892,서울,교문서적,도서,서울특별시 강서구  공항대로39길 100 대림아파트 상가 104호(등촌동),37.562539,126.8465439
13392,강원,메종드씨펜션,숙박,강원도 강릉시 경포로463번안길 9-4 저동,37.8016931,128.9018209
14915,경기,북한산온천(비전웰빙라이프),관광지,경기도 고양시 덕양구  중고개길 88-10 (지축동 207-1),37.6800295,126.9583172
2341,서울,크레타 스튜디오,미술,서울 서대문구 연희동 69-51 1층,37.5733082,126.9380679
2747,인천,포틴서점,도서,인천 서구 가좌동  342-4,37.4860981,126.6841906
11740,강원,하이원추추파크,관광지,강원 삼척시 도계읍 심포남길 99 (심포리),37.1821204,129.0374216
4311,경남,옥모텔,숙박,경남 창원시 의창구 사화로16,35.2567719,128.6094236
21415,서울,CGV 연남,영상,"서울 마포구 양화로 186, 7층 ",37.5575575,126.9258286
8046,전북,썬샤인보울스봉동점,체육시설,전북 완주군 봉동읍 봉동로 216 1,35.9433511,127.1640863
7503,경남,천광요,미술,경남 고성군 고성읍 월평3길 265,34.9483524,128.3518966
15212,전남,배일호,교통수단,전남 여수시 수정동 3 모터보트배일호,34.7427334,127.759016
13524,전남,관산터미널,교통수단,전남 장흥군 관산읍 남송리 30-31 관산터미널,34.5657841,126.9367008
3329,제주,글라라민박,숙박,제주 서귀포시 남원읍 남한로140번길 77,33.2859026,126.7177018
19201,경북,대보휘트니스짐,체육시설,경상북도 포항시 북구  죽파로 35-1 4층,36.0283896,129.3603222
20065,서울,휴메이크휘트니스 석촌점,체육시설,서울특별시 송파구  백제고분로 275 배명빌딩 지하 2층,37.5079559,127.0981246
3947,충북,충북보건과학대 구내서점,도서,충청북도 청주시 청원구 내수읍 덕암길 10 충북보건과학대학교,36.7015883,127.5517202
5238,강원,피닉스모텔,숙박,강원 강릉시 성남동  111-4번지,37.7512721,128.8969101
19398,경기,봄날의요가&필라테스,체육시설,경기도 고양시 덕양구  푸른마을로 30 서정프라자 2층 205호,37.7103513,126.9048143
8564,인천,삼천리자전거 선학점,체육용품,인천 연수구 비류대로 599  103호,37.4232968,126.7013297
15719,경기,마운틴스타 클라이밍짐,체육시설,경기도 구리시  체육관로 82 타워클래스 6층 601호,37.5919235,127.1381476
14589,경기,광적체육사,체육용품,경기도 양주시 광적면 가래비길 66,37.8235864,126.9854978
19062,인천,수봉서재,도서,인천광역시 연수구  한나루로196번길 13-8,37.4268576,126.6579297
19532,경북,경북 울진 백암온천 정보화마을,관광지,경북 울진군 온정면 온정1길 46 백암온천마을정보센터,36.7113935,129.3426734
9292,서울,목동풀잎문화센터,문화체험,서울특별시 양천구  오목로48길 1 목동상가 301호,37.5254345,126.8629697
760,대전,하나로스튜디오,미술,대전 대덕구 동춘당로 94번길 11-27  하나로프라자 113호,36.3664032,127.4389776
1677,충북,음성생활문화예술공간하다,공연,충북 음성군 금왕읍 무극로 348 지하,36.994636,127.5998909
5442,강원,정선역,교통수단,강원 정선군 정선읍 애산2리 428,37.3733675,128.67095
15202,부산,S모텔(덕천에스(S)모텔),숙박,부산광역시 북구  덕천1길 81,35.2106929,129.00988
4768,경북,제일기독서점,도서,경상북도 포항시 북구  삼호로46번길 8 새마을금고 1층,36.0445972,129.3695076
278,대전,대전보건대학교 구내서점,도서,대전 동구 충정로 21,36.3493291,127.4545495
21414,전남,큐베르,문화체험,전라남도 곡성군 오곡면 섬진강로 1455 곡성아트빌리지체험관A,35.229332,127.3671864
1110,경기,리틀해피,도서,경기 남양주시 별내5로23번길 18-22 101호 (별내동),37.6631312,127.1271035
20231,울산,햄프로헬스프라자,체육용품,울산광역시 남구  삼산로 40 1층,35.5331778,129.3122108
19054,경기,아이들 책,도서,경기 화성시 동탄역로 124 윤정프라자 114호,37.199327,127.0970177
2729,서울,반포스튜디오,미술,서울 서초구 반포본동 817 상가이부럭제8호,37.5017647,126.9862345
9404,서울,(주)롯데렌터카 광화문영업소,교통수단,서울 중구 세종대로 136 서울파이낸스센터 2층,37.568369,126.97779
22748,전남,비타민휘트니스,체육시설,전라남도 장성군 장성읍 영천로 183 4층,35.3016487,126.7834655
16608,경남,성산스포츠센터,체육시설,경남 창원시 성산구 창이대로 888,35.2193851,128.7014723
16609,경남,성산스포츠센터 빙상장,체육시설,경남 창원시 성산구 창이대로 888,35.2193851,128.7014723
4873,경남,핀홀스튜디오,미술,경남 김해시 덕정로186번길 12-20,35.177146,128.8025219
8006,경남,삼천리자전거 고성점,체육용품,경남 고성군 고성읍 성내로 104,34.9747578,128.3200662
9349,부산,부산남구문화원,문화체험,부산광역시 남구  신선로 566-2 용호1동 현장민원실 3층 부산남구문화원,35.1304795,129.1120834
17848,경북,남산홈패션,문화체험,경상북도 김천시  양금로 258-2,36.1171219,128.1243758
14678,강원,블루문 게스트하우스,숙박,강원도 태백시  석공길 25 궁전모텔 블루문 게스트 하우스,37.1030966,129.0076036
6574,전남,무등장,숙박,전남 목포시 삼학로18번길 13-1 (호남동),34.7899208,126.3888029
10969,경기,감동사진관,미술,경기 광명시 광명로 841 동진프라자 3층,37.4745438,126.8518178
14802,경기,리 디자인 호텔(Lee Design Hotel),숙박,경기 용인시 기흥구 중동845-1,37.2722359,127.1504172
2387,부산,에덴서점,도서,부산 서구 토성동3가 13-7,35.0993611,129.0199996
6916,경기,평택고속버스터미널(고속),교통수단,경기 평택시 평택동 55-5,36.9908811,127.0868879
22827,경기,다비야 요가 필라테스,체육시설,경기도 동두천시  중앙로 134-24 3층,37.8929545,127.0542987
18332,울산,울산 현대 (울산문수축구경기장),스포츠관람,울산광역시 남구  문수로 44 울산문수축구경기장,35.5352422,129.2595839
8457,경남,조이빌승마클럽,체육시설,경상남도 사천시 서포면 잔드리길 231 조이빌승마클럽 구랑리 509,35.0225518,127.9791458
17090,강원,둔내역,교통수단,강원 횡성군 둔내면 고원로 116,37.5101027,128.2194218
19463,경기,알엑스피트니스,체육시설,경기도 동두천시  중앙로 110-17 현대프라자 8층,37.8913484,127.0533302
5504,강원,강촌아름다운집펜션,숙박,강원 춘천시 남산면  강촌리 645-1,37.8289003,127.602805
10787,경기,평택시청소년문화센터,문화체험,경기도 평택시  평남로 616 평택시공설운동장 평택시청소년문화센터,36.9883078,127.1092632
13855,전남,과역터미널,교통수단,전남 고흥군 과역면 과역리 70-4,34.6782776,127.3612379
16421,대구,SK브로드밴드(케이블티비) (구 티브로드TCN방송),영상,대구광역시 남구  현충로 87-2,35.8408053,128.5796696
16422,대구,SK브로드밴드(케이블티비) (구 티브로드대경방송),영상,대구광역시 남구  현충로 87-2,35.8408053,128.5796696
18732,대구,SK브로드밴드(케이블티비) (구 티브로드대구방송),영상,대구광역시 남구  현충로 87-2,35.8408053,128.5796696
708,부산,프라임북스,도서,부산 금정구 부곡동 동부곡로15번길 57 밀크마트,35.2282421,129.093682
19770,경북,경북 영덕 영덕대게 정보화마을,관광지,경북 영덕군 강구면 영덕대게로 68 강구수산업협동조합,36.3596043,129.3867219
10295,전남,가람서점,도서,전남 광양시 오류로 65,34.9445135,127.6949296
2312,부산,남경모텔,숙박,부산 동래구 온천3동  1378-1,35.202906,129.0689813
3070,전남,부성장,숙박,전남 목포시 영산로330번길 4,34.8053442,126.4014579
21973,인천,팀루츠 주짓수,체육시설,인천광역시 미추홀구  숙골로43번길 158-25 5층,37.4670735,126.6568538
13454,부산,광안해수월드,관광지,부산 수영구 광안해변로 370번길 7(민락동),35.1558694,129.1336059
16118,부산,클래스윔수영장(클래스윔(광안점)),체육시설,부산 수영구 광안해변로 370번길 7(민락동),35.1558694,129.1336059
16323,강원,가죽공예최지현샵,문화체험,강원도 동해시  대동로 291 101호,37.494227,129.1275476
2342,서울,연희동사진관,미술,서울 서대문구 연희로11마길 2 1층,37.569066,126.9283727
14307,서울,북갤러리 리브로 성균관대 구내서점,도서,서울특별시 종로구  성균관로 25-1 성균관 성균관대학교 경영관 지하 3층,37.588227,126.993606
4003,서울,월드포토,미술,서울 도봉구 도봉로143길 72,37.6618752,127.0380279
7832,강원,삼천리자전거 건등점,체육용품,"강원 원주시 문막읍 건등로 46-5, 1층   ",37.3137173,127.8214077
9870,울산,그리고 베이비,미술,울산 남구 화합로210번길 15 2층,35.5434544,129.3413712
11080,울산,곰두리렌터카(주) 울산달동지점,교통수단,울산광역시 남구  화합로134번길 18,35.5365266,129.3421391
22243,부산,창비부산,도서,부산광역시 동구  중앙대로209번길 16 2층 202호,35.1163493,129.039158
16024,제주,에프원모텔,숙박,제주 제주시 사장1길 18 (연동),33.4853132,126.4939766
7966,서울,황재당구장,체육시설,서울 강서구 방화동로 102 2층,37.5694218,126.8129911
8221,강원,호텔향기,숙박,강원 강릉시 강동면 헌화로 982-6,37.6858419,129.0409774
10206,경기,YES24 기흥점(예스이십사 주식회사 기흥점),도서,경기 용인시 기흥구 고매동 산 36-1,37.2254837,127.1259349
10961,대전,동춘서점,도서,대전 대덕구 송촌동 496-1,36.3645652,127.4450828
21190,대구,삼성서점,도서,대구광역시 북구 복현로 20길87 복현이오스상가 삼성서점,35.9070866,128.6210896
12631,대전,로또모텔,숙박,대전광역시 중구  동서대로1466번길 12,36.337137,127.4180484
15577,서울,뉴페이스 스튜디오 성신여대점(뉴페이스스튜디오),미술,서울특별시 성북구  보문로34길 59 5층 뉴페이스 스튜디오 성신여대점,37.5910742,127.0185682
8111,강원,강가의 성,숙박,강원 홍천군 북방면 굴지강변로281,37.6914986,127.7832992
11734,경북,경북 칠곡 금남오이꽃동산 정보화마을,관광지,경북 칠곡군 왜관읍 금남7길 35-23 금남마을회관경로당,35.9209444,128.4114267
19400,경기,용인대화랑태권도,체육시설,경기도 수원시 팔달구  세지로 430 2층 화랑태권도,37.2868337,127.0316897
20824,부산,어린이도서전집 꼬마대통령,도서,부산 금정구 금강로 206-16,35.2266367,129.0829567
5304,강원,(주)동양렌트카주문진영업,교통수단,강원 강릉시 주문진읍 신리천로 46 동양렌트카,37.8841089,128.8257903
11943,충북,오근장역,교통수단,충북 청주시 상당구 외남동 241-1,36.7000289,127.4786406
12268,충남,광천역,교통수단,충남 홍성군 광천읍 광천로273번길 85,36.5022446,126.621654
19717,강원,강원 삼척 고무릉환선 정보화마을,관광지,강원 삼척시 신기면 고무릉길 49,37.3445967,129.0535801
14147,대구,삼천리자전거 두바퀴세상,체육용품,대구 달성군 다사읍 서재로 82 1층,35.8707801,128.4968826
2269,대전,티롤리아모텔,숙박,대전 서구 용문동  591-27번지,36.3386162,127.3900783
9357,충남,리버사이드호텔,숙박,충남 보령시 동대동813-1,36.3485004,126.5990264
11895,충남,대명체육사,체육용품,충남 부여군 부여읍 사비로 60,36.277783,126.9108203
18294,대구,명성표구사,미술,대구광역시 중구  봉산문화2길 20,35.863389,128.5961971
10466,전북,롯데컬처웍스㈜롯데시네마 전주평화,영상,전북 전주시 완산구 백제대로 10 (평화동1가) 1층,35.7968897,127.1398584
10146,부산,사진나라,미술,부산 북구 구포동 1225-1,35.1983695,129.0078958
8115,강원,하이모텔,숙박,강원도 강릉시 동부시장길 39,37.7614381,128.90071
21082,인천,크리스탈뮤직,음악,인천광역시 서구  청라루비로 76 청라스퀘어7 2층 209호(청라동),37.5321287,126.641647
16335,서울,서울애니메이션센터(재단법인 서울산업진흥원),문화체험,"서울특별시 중구  소공로 48 프라임타워 우리금융남산타워 1, 2층",37.5602375,126.9829369
19281,부산,사직정안합기도,체육시설,부산광역시 동래구  사직북로 53 지하층,35.1996688,129.0585593
15715,제주,파크비치호텔 (주) 흥진관광,숙박,제주 제주시 조천읍 북촌1길 58,33.5490718,126.6846
2123,대구,리브가기독마트,도서,대구 수성구 달구벌대로627길 5-8 (매호동),35.8425198,128.7003165
16367,경북,오방색(㈜오방색),문화체험,경상북도 영천시 임고면 양항2길 27-4,36.0118136,128.9760012
18296,전북,스케치북스튜디오,미술,전라북도 전주시 완산구  솟대1길 41,35.7933886,127.1218138
2469,울산,여행조아서,여행사,울산광역시 남구  수암로 148 삼성테스코홈플러스 울산남구점 2층 모두투어,35.5264357,129.3227174
4905,경기,㈜블루키문고,도서,경기 용인시 기흥구 동백죽전대로 444(중동),37.2672005,127.1541786
275,대전,해풍사,도서,대전 동구 중동  317 역전지하상가가6호,36.3309984,127.4320432
10788,강원,호텔메모리(hotel memory),숙박,강원 강릉시 주문진읍 주문로 51-1,37.8884904,128.8251525
14339,전남,목포해상케이블카(주),관광지,전라남도 목포시  고하도안길 186,34.767863,126.3669815
14869,경남,CGV 김해율하,영상,경상남도 김해시 율하2로 111,35.1718789,128.8138273
7750,강원,HONG C HOTEL,숙박,강원 강릉시 옥천로65번길 2-6,37.759566,128.897841
14153,경기,글로우스튜디오,미술,경기도 고양시 일산서구  중앙로 1574 월드프라자 303호,37.6765231,126.7474276
5190,경기,청평문화예술학교,공연,경기 가평군 가평읍 문화로 131,37.825131,127.5062327
8805,경기,가평테니스장,체육시설,경기 가평군 가평읍 문화로 131,37.825131,127.5062327
8806,경기,가평종합운동장(가평군청),체육시설,경기 가평군 가평읍 문화로 131,37.825131,127.5062327
9761,경기,가평체육관(가평군청),체육시설,경기 가평군 가평읍 문화로 131,37.825131,127.5062327
21189,대구,알파문구서적(알파 대구지부),미술,대구광역시 북구 칠곡중앙대로 447,35.9355785,128.5486076
2230,대구,발렌타인모텔,숙박,대구 북구 칠곡중앙대로 401-1 (태전동),35.9316245,128.5478145
11407,강원,강원고속사창리터미널,교통수단,강원 화천군 사내면 사내로 10-13 터미널,38.0714959,127.5228408
3997,부산,동백서적,도서,부산 연제구 연산동 312-27,35.1888603,129.0929608
13080,서울,삼천리자전거 신설점,체육용품,서울 동대문구 왕산로 33,37.5770056,127.0270853
5165,경기,펜션테마여행,숙박,경기 가평군 하면 신상리259,37.8541917,127.349527
621,대구,놀숲 대구동성로점,도서,대구 중구 동성로6길 22 (공평동) 2층,35.8688239,128.5965712
22235,대전,박보정다옴필라테스요가,체육시설,대전광역시 대덕구  한남로12번길 27 빌딩일번지 3층,36.3515717,127.4253812
1282,경남,삼천리자전거 함양점,체육용품,경상남도 함양군 함양읍 용평6길 1 삼천리자전거 함양대리점,35.517246,127.7262348
9384,서울,매니아,체육시설,서울특별시 서초구 강남대로37길 59 지하1층,37.4845104,127.0303326
19290,서울,산악자전거마을(성광상회),체육용품,서울특별시 도봉구  우이천로 216,37.6384217,127.0347466
1695,경북,오성사,체육용품,경북 안동시 중앙로 29(서부동),36.565843,128.7291664
6199,인천,마이랜드,관광지,인천광역시 중구  월미로 252,37.4737115,126.5983803
8251,경기,더존볼링장,체육시설,경기 시흥시 정왕동 1745-3 3층,37.3432822,126.7347963
23443,대구,대봉산책,도서,대구광역시 중구  명덕로 249 B1,35.8563046,128.5980274
4511,경기,양평군립미술관,미술,경기 양평군 양평읍 문화복지길 2 (양근리),37.4971388,127.4840738
3596,부산,길화방,미술,부산광역시 남구  수영로 330 신화빌딩 길화방,35.1383655,129.1026679
12065,경기,현대스포츠,체육용품,경기 동두천시 중앙로 302(생연동),37.9082225,127.0549437
17970,경기,마이채,미술,경기도 의정부시  호국로1114번길 110 2층(가능동),37.7379702,127.0272914
2468,부산,토요코인 부산역2,숙박,부산 중구 대창동1가  22-4번지,35.1090995,129.0366143
8528,대전,추목볼링장,체육시설,대전 유성구 신봉동 236-3,36.4131297,127.3397332
171,부산,메가북스,도서,"부산 기장군 정관읍 정관3로 23, 301동 108호 ",35.328412,129.16858
21846,서울,세종스튜디오,미술,"서울 양천구 중앙로43길 21, 2층 ",37.5188031,126.8527435
18607,전남,아트팬시,미술,전남 구례군 구례읍 봉성로 69-1 (봉남리),35.2084959,127.4643447
1515,강원,삼천리자전거단계점(질주의자전거),체육용품,강원 원주시 봉화로 44-1 1층,37.3483902,127.9291292
11823,강원,강원 정선 개미들 정보화마을,관광지,강원 정선군 남면 광락로 354,37.3189813,128.6926878
19190,경기,삼천리자전거 원미점,체육용품,경기 부천시 원미로 133,37.4944951,126.7912219
19414,대전,천마하이파이브수영장,체육시설,"대전광역시 서구  계룡로571번길 23-19 지하 1,2층(탄방동)",36.3433876,127.3864658
20680,경북,포토하우스,미술,경북 안동시 논골길 37-4,36.540407,128.7965367
18800,강원,베니키아 프리미어 동해보양온천 컨벤션 호텔,숙박,강원도 동해시  동해대로 6285 동해보양온천,37.5925,129.0869444
11589,대전,(주)다우트래블,여행사,대전 서구 도안동 동서대로 700     502,36.3318327,127.3405929
16289,서울,(주)여행박사,여행사,서울 용산구 한강대로 313,37.5462131,126.9715416
18473,충남,윤도예연구소,문화체험,충청남도 천안시 서북구  서부16길 6 윤도예연구소,36.822906,127.1372796
21209,서울,영창악기 도봉점(도봉악기),음악,서울특별시 도봉구  노해로 262 1층 영창악기,37.6511395,127.0372507
13001,경기,정왕스포츠백화점,체육용품,경기도 시흥시  정왕대로 184 한성타운 한성빌딩 102호,37.347585,126.7346938
13804,경북,함창버스터미널,교통수단,경북 상주시 함창읍 구향리 185-1,36.568291,128.1756825
13957,경기,태산패밀리파크,문화체험,경기도 김포시 하성면 하성로 585 태산패밀리파크,37.7260424,126.6218096
7764,서울,공릉탁구클럽,체육시설,서울 노원구 공릉동 362-1 지하,37.6287023,127.0718048
7968,서울,유엠비(UMB)당구클럽,체육시설,서울 강서구 공항대로41길 10 2층,37.5583563,126.8452389
8828,제주,모멘토호텔,숙박,제주 서귀포시 태평로439번길 21,33.2465385,126.5650235
3305,전북,순창공용버스터미널,교통수단,전북 순창군 순창읍 장류로 355,35.3767492,127.1412152
4963,경기,송 스튜디오,미술,경기 용인시 기흥구 용구대로 2257-7 1층,37.2881636,127.1077975
14671,서울,CGV 영등포,영상,"서울 영등포구 영중로 15(영등포동4가, 타임스퀘어 4~8층) ",37.5169933,126.9035425
18576,경기,삼천리자전거 미사강변점,체육용품,경기도 하남시  미사강변중앙로111번길 68,37.5392646,127.2148919
21039,전북,중앙스포츠,체육용품,전라북도 전주시 덕진구  혁신로 705 평강제일교회 중앙스포츠(반월동),35.8747669,127.0749208
10696,경남,고려문고,도서,경남 창원시 의창구 반계로 107 (팔용동),35.2541837,128.6162329
17986,제주,서귀포 우생당,도서,제주 서귀포시 중앙로 104,33.2539954,126.5614859
6315,충남,인물스튜디오,미술,충남 공주시 신관동 638-15,36.4729089,127.1349459
834,경기,삼천리자전거 금광점,체육용품,경기도 성남시 중원구  산성대로 422-1,37.4494118,127.1593047
14034,전북,스마트자전거 정읍대리점(바이택자전거),체육용품,전라북도 정읍시  초산로 21 훼밀리마트정읍로남점,35.561144,126.8526312
14238,경기,킹퐁탁구클럽(킹퐁탁구장),체육시설,경기도 남양주시 진접읍 양진로1020번길 10 대현,37.7083319,127.1843219
981,대구,S2 스튜디오,미술,대구광역시 중구  동성로6길 43,35.8688088,128.5978057
14373,서울,파운드짐 신대방역점,체육시설,서울특별시 관악구  난곡로 367 경신빌딩 파운드짐,37.486699,126.9133322
21607,서울,메이플레이스호텔,숙박,서울 종로구 율곡로 179,37.574971,126.9981589
20865,경남,경남 합천 하남양떡메 정보화마을,관광지,경상남도 합천군 초계면 국사봉로 903 하남양떡메 정보화마을센터,35.5314844,128.2513295
2821,서울,알라딘 중고서점 강남점,도서,서울특별시 강남구  강남대로 438 스타플렉스 지하 1층,37.5016625,127.0263628
3044,전남,국민서관순천지사,도서,전남 순천시 덕연로 66 (연향동),34.948467,127.5133456
620,대구,하모니아,공연,대구 중구 동성로1길 29-29 하모니아아트홀 (동성로3가),35.8676791,128.5949647
17567,전남,(주)해광운수 완도지점,교통수단,전남 해남군 송지면 땅끝마을길 56-2,34.2989146,126.5275503
10794,강원,강릉시청(강릉오죽한옥마을),숙박,강원 강릉시 죽헌길 114,37.7755673,128.8764282
14721,서울,티막스토어 묵동점(주. 튤립코리아),체육용품,서울 중랑구 신내로15길 197 중랑구민체육센터 1층,37.6151557,127.0868682
22952,경기,남양주시청(오남체육문화센터),체육시설,경기 남양주시 오남읍 진건오남로 577번길 11,37.6849775,127.2096329
21269,강원,국립대관령자연휴양림,관광지,강원 강릉시 성산면 삼포암길 133,37.7144152,128.7848205
6842,경남,불교세상,도서,경남 진주시 장대로 67,35.1972253,128.0865545
18931,경기,아해한국전통문화어린이박물관(아해박물관),미술,경기도 과천시  추사로 133 아해 어린이 박물관,37.4575274,127.0300018
17400,서울,㈜이엔에이파트너스,미술,서울특별시 마포구  대흥로14길 12,37.5446555,126.9395891
16869,경기,연천군 청소년수련관 수영장,체육시설,경기 연천군 연천읍 문화로 140,38.1054584,127.0792038
9257,충남,해변앞펜션,숙박,충남 태안군 근흥면 연포2길 70-11,36.6942266,126.2097394
5261,경기,평내호평역,교통수단,경기 남양주시 경춘로 1375,37.6531775,127.2440355
6927,경남,놀숲 양산웅상점,도서,경남 양산시 서창로 178 (삼호동) 3층,35.4151926,129.1718576
2790,서울,다온책방,도서,"서울 성북구 한천로 68길 31, 1층 (석관동) ",37.6091164,127.0658507
21128,제주,스튜디오 미,미술,제주특별자치도 제주시  고마로 56 삼부장미주상복합아파트 1층,33.5092129,126.539308
21926,대전,이응노미술관,미술,대전 서구 둔산대로 157,36.368147,127.3819873
17138,경기,헬스기구전문매장(광교은혜스포츠),체육용품,경기도 수원시 영통구  광교로 152 디아이티(주) 광교연구시설 102호 헬스기구전문매장,37.2981742,127.0460589
19524,경남,경남 거제 구조라관광어촌 정보화마을,관광지,경남 거제시 일운면 구조라로4길 3-1 구조라새마을회관,34.8052923,128.6944706
22214,경기,소풍정원캠핑장,관광지,경기 평택시 고덕면 새악길 43-61,37.0119652,127.0236558
8990,경기,정문규미술관,미술,경기도 파주시 탄현면 새오리로 199,37.8022255,126.6945493
2796,전남,목포대구내서점,도서,전남 무안군 청계면 영산로 1666 (도림리),34.913206,126.4391293
4052,충남,노을빛진산펜션,숙박,충남 태안군 남면  몽산리465-286,36.7012015,126.2705323
22861,경북,구미캠핑장,관광지,경북 구미시 낙동제방길 200,36.1507694,128.3727647
7392,경남,㈜정안 (대천장호텔),숙박,경남 창녕군 부곡면 온천중앙로 12,35.4403884,128.5859381
6983,경남,해운개발(주)통도해운온천타운,숙박,경남 양산시 하북면 삼수온천길 54-14 (삼수리),35.4633431,129.0733157
8133,강원,동강할미꽃펜션,숙박,강원 정선군 정선읍 동강로 2652-3,37.3528577,128.6211622
18606,경기,미르센,도서,경기도 용인시 기흥구  흥덕2로87번길 17 세림프라자 2층 204호,37.2751276,127.0718852
20418,울산,종로서적 울산점,도서,울산광역시 북구  진장17길 10 메가마트 3층 종로서적,35.5623562,129.3564579
5446,강원,상유재,숙박,강원 정선군 정선읍 정선로 1323,37.3794521,128.6607881
21331,경북,칠곡호국평화기념관,미술,경북 칠곡군 석적읍 강변대로 1580,36.0791865,128.4036058
10142,경남,제일카메라,미술,경남 진주시 남강로659번길 12-1,35.1921667,128.083593
6143,전남,진보각여관,숙박,전남 고흥군 봉래면 축정2길103(신금리),34.4639663,127.4545577
5400,강원,모텔워커힐,숙박,강원 강릉시 홍제로 85번길 14,37.7544463,128.8824704
11156,충북,반지대학 청주캠퍼스,문화체험,"충북 청주시 상당구 상당로 91번길 44, 302호(북문로1가) ",36.6364367,127.4877882
5179,강원,브이브이 (VV) 호텔,숙박,강원 강릉시 교동  1868-4,37.7661519,128.8778198
2817,서울,밀크티,미술,서울 강남구 언주로151길 17 지하1층,37.5217977,127.031994
16383,제주,제주에코스위트,숙박,제주 서귀포시 중문상로 207-13,33.2696393,126.4289254
10379,인천,노벨사진관,미술,"인천 부평구 부평문화로 167, 1층 ",37.4938987,126.7348686
23125,부산,아이나무태권도,체육시설,부산광역시 사상구  엄궁남로 46 조원빌딩 1층 아이나무태권도,35.1241032,128.9724544
21514,경기,YB악기,음악,경기도 성남시 분당구  불정로65번길 4-2 YB악기,37.3602164,127.1120283
6799,경북,주식회사 계림관광,여행사,경북 경주시 태종로 695 (노서동),35.8387128,129.2041888
9175,제주,노을과포도향기,숙박,제주 제주시 애월읍 신상로 238-2,33.4511838,126.3655877
15696,광주,주식회사 레크플레이미디어센터,문화체험,광주광역시 광산구  신창로106번길 15-19 광주 새에덴교회 1층 주식회사 레크플레이미디어센터,35.195343,126.8389511
1699,경북,주식회사글로리(문덕온천),관광지,경북 포항시 남구 오천읍 문덕로11번길 17 (문덕리),35.9618794,129.4049894
12455,경북,인량전통테마마을영농조합법인,관광지,경북 영덕군 창수면 인량길 178 (인량리),36.5523238,129.3710579
20617,전남,한국가사문학관(담양군청),미술,전남 담양군 가사문학면 가사문학로 877,35.1878121,127.0048176
11879,경북,대경승마,체육시설,경북 경산시 경안로102길 26,35.8512737,128.7295
4576,경기,디지털영상,미술,경기 수원시 팔달구 인계동 1122-10 삼호타워 523,37.2611842,127.0350003
18799,강원,베니키아 호텔 산과바다 속초,숙박,강원도 속초시  동해대로 3707,38.1676863,128.6073346
1016,충남,(주)브이아이피투어,교통수단,충남 아산시 용화동  475-4,36.7634622,126.993802
13824,강원,대화버스터미널,교통수단,강원 평창군 대화면 1012-7 대화버스터미널,37.500372,128.452862
20977,경기,롯데컬처웍스㈜롯데시네마 수원(수원역),영상,경기도 수원시 권선구  세화로 118 롯데몰5층 (서둔동),37.2653782,126.9959828
21736,충북,마노엘,문화체험,"충청북도 청주시 청원구  율량로 156 1층, 103호(율량동 베스트빌 2)",36.6637801,127.5113835
19941,경기,한도당구장,체육시설,경기도 의정부시  신흥로231번길 20 한도빌딩 1층,37.7368783,127.0422771
18069,강원,이사부사자공원 도계유리마을(도계유리공예협동조합),미술,강원도 삼척시  수로부인길 333 이사부사자공원 도계유리마을,37.4747602,129.1594067
12748,전남,화예도요,미술,전라남도 강진군 대구면 청자해안길 317,34.4889695,126.7926442
16039,경기,CGV 야탑,영상,경기도 성남시 분당구  성남대로925번길 16 분당종합터미널 테마폴리스빌딩 지하2층,37.4130885,127.1270976
20238,전북,(유)세진렌트카,교통수단,전북 군산시 공단대로 604-1(소룡동),35.9727523,126.681201
17480,서울,삼천리자전거 드림스포츠점,체육용품,서울특별시 마포구  성암로11길 14,37.5735629,126.9023718
6819,경북,보령장모텔,숙박,경북 포항시 남구 장기면 동해안로 3945,35.9268481,129.5149034
6967,경북,수오재펜션,숙박,경북 경주시 배반중리길 71-20 (배반동),35.8213848,129.2511365
21923,전남,숙이네점빵,문화체험,전라남도 곡성군 곡성읍 낙동원로 23,35.2833862,127.3003416
14549,인천,아기사진나라,미술,인천 남동구 만수동 864-10 신주소 : 인천 남동구 만수서로 37번길 82,37.4599208,126.7270611
7010,경남,보보스모텔,숙박,경남 창원시 마산회원구 3.15대로 732,35.2206349,128.5795296
21590,인천,현대유도관,체육시설,인천광역시 서구  원창로 192 2층(신현동),37.5174731,126.67056
12452,경기,봉담디지털스튜디오,미술,경기 화성시 봉담읍 상리 27-11,37.2196496,126.9488252
9962,충북,농업회사법인 숲이랑 사오랑㈜,관광지,충북 괴산군 칠성면 사은리 산15-1 여우숲,36.7654595,127.8231767
14287,경북,청소년센터(의성군시설관리사업소),체육시설,경상북도 의성군 의성읍 충효로 68 의성청소년센터,36.3552048,128.7051737
21906,경남,하동국민체육센터(하동군청),체육시설,경상남도 하동군 적량면 공설운동장로 207 하동국민체육센터,35.0637109,127.7776063
17573,경남,대일해운,교통수단,경남 통영시 통영해안로 234,34.8396265,128.4196368
17603,경남,유성해운,교통수단,경남 통영시 통영해안로 234,34.8396265,128.4196368
17607,경남,한산농협,교통수단,경남 통영시 통영해안로 234,34.8396265,128.4196368
17608,경남,한솔해운,교통수단,경남 통영시 통영해안로 234,34.8396265,128.4196368
11395,경기,마리북스,도서,경기 김포시 김포한강2로 104번길 62 두현프라자 106-1호,37.6432397,126.6702043
7313,대구,미광표구사,미술,대구광역시 수성구  파동로2길 8,35.8069582,128.6226925
21018,전북,네오다다 김제점,미술,전라북도 김제시  도작로 130,35.8059817,126.8988892
714,광주,신가사진관,미술,광주 광산구 신가동 917-3,35.1792664,126.8252458
20148,대전,자운스포츠,체육용품,대전광역시 유성구  자운로 11 1층,36.3944079,127.3491651
6545,충남,놀숲 공주신관점,도서,충남 공주시 흑수골길 37 (신관동) 201호,36.4694797,127.1448131
19844,서울,요넥스 중화점(YONEX),체육용품,서울특별시 중랑구  동일로 815 대림빌딩 1층,37.6030917,127.0788763
4562,경기,마랑,미술,경기 파주시 쌀뚜기길 18,37.7232626,126.6991157
5597,경기,뉴스카이모텔,숙박,경기 부천시 원미구 부천로6번길 29(심곡동),37.4846167,126.784606
22651,서울,우리서점,도서,"서울 강남구 개포로82길 13-15, 202호 ",37.4887826,127.0683339
16625,경남,장유스포츠센터우정관,체육시설,경남 김해시 번화2로72(삼문동),35.1957447,128.8049723
9700,전북,인성체육사,체육용품,전북 전주시 완산구 전주객사5길 71,35.8212111,127.1445658
16598,경북,BL GYM(양덕 비엘),체육시설,경상북도 포항시 북구  장량로 160 메디컬 닥터스 8층,36.082111,129.3967479
21664,서울,에스바디워크필라테스 신논현점,체육시설,서울특별시 서초구  강남대로 479 신논현타워 지하 1층,37.5050428,127.0236893
14793,광주,놀숲 광주첨단점,도서,광주 광산구 임방울대로826번길 47 시너지빌딩 3층,35.215784,126.8485377
5120,강원,강원잉글리쉬플러스강릉점,도서,강원 강릉시 강릉대로457번길 7 (포남동),37.7743371,128.9122915
19282,서울,프라임3스튜디오,미술,서울특별시 노원구  덕릉로 725 보경속셈학원 B1층,37.6623001,127.0756063
5449,강원,로얄파크,숙박,강원 철원군 갈말읍 명성로 161,38.1461129,127.3077235
7646,경남,스튜디오공감,미술,경남 거제시 거제중앙로 1898-13 1층 2호,34.8882119,128.6247719
17630,서울,필스튜디오,미술,서울특별시 중구  수표로2길 9 예림빌딩 402호,37.5621818,126.9910282
7479,경기,하남 시외버스 터미널,교통수단,경기 하남시 창우동 224-1 하남터미널 1층,37.5391482,127.2302652
2448,대전,파고다한지상사필방,미술,대전광역시 중구  중앙로 136,36.3280359,127.4248669
14125,광주,삼천리자전거 남부점,체육용품,광주 남구 서문대로 713 (진월동),35.1156196,126.8992257
4614,경기,하니랜드((주)성원레저),관광지,경기 파주시 조리읍 장곡로 218 (장곡리),37.7498111,126.8335655
15665,충남,세종도서,도서,충청남도 공주시  웅진로 152-1,36.4539254,127.1246346
17087,강원,횡성역,교통수단,강원 횡성군 횡성읍 생운리 246-4,37.4830132,128.0096113
20190,충북,드림디포 감곡점,미술,충청북도 음성군 감곡면 장감로 167 2층,37.1186791,127.6408478
21694,경남,진주고속버스터미널(고속),교통수단,경남 진주시 동진로 16,35.1779614,128.0930205
10392,경기,롯데컬처웍스㈜롯데시네마 송탄,영상,경기 평택시 관광특구로 19 (서정동) 8층,37.0672161,127.060903
253,대구,달성문화센터(달성군시설관리공단),공연,대구광역시 달성군 다사읍 대실역북로2길 188 달성문화센터,35.865245,128.4607069
13263,대구,달성문화센터 수영장(달성군시설관리공단),체육시설,대구광역시 달성군 다사읍 대실역북로2길 188 달성문화센터,35.865245,128.4607069
20853,경기,최강단대태권도,체육시설,경기도 성남시 중원구  둔촌대로425번길 13 2층,37.4342607,127.1640574
8322,경기,김기택 탁구클럽,체육시설,경기 용인시 수지구 신봉1로 62 503 (엘지플라자제5층),37.3225727,127.0785698
10521,서울,하나스포츠,체육용품,서울 마포구 백범로 108-1,37.5470547,126.9432816
12935,경기,수원기독교백화점,도서,경기 수원시 팔달구 지동360-19,37.2767411,127.023512
543,제주,아가페서적,도서,제주 제주시 중앙로 554,33.4814679,126.5411458
10576,제주,극단 기억,공연,제주특별자치도 제주시 삼도일동  서광로 18길 5-3,33.4993149,126.5210232
13971,대전,호남한지필방,미술,"대전 중구 대종로 529번길 34, 1층 ",36.3301312,127.4214922
3673,충북,The Ray Studio,미술,충북 청주시 흥덕구 사창동 155-1 2층,36.6345487,127.4596443
21467,광주,예쁜손공예협동조합,문화체험,광주광역시 광산구  월곡중앙로1번길 11,35.1663386,126.8095166
4928,경북,중앙관광(유),여행사,경북 문경시 신흥로 163 (점촌동),36.5956225,128.2022708
20620,전남,2012포토그래피,미술,전남 여수시 쌍봉로 50,34.7662212,127.6613898
2999,서울,초록나무사진관,미술,"서울 강북구  한천로 982,(번동) ",37.6369264,127.0318291
20943,충북,삼천리자전거 내수점,체육용품,충북 청주시 청원구 내수읍 마산5길 10,36.7244733,127.5353105
6509,서울,충무아트홀,공연,서울특별시 중구  퇴계로 387 충무아트홀,37.5660139,127.0148131
13082,서울,충무스포츠센터,체육시설,서울특별시 중구  퇴계로 387 충무아트홀,37.5660139,127.0148131
19457,대전,희망스포츠,체육용품,대전광역시 유성구  궁동로 5 다솔아파트 상가동 지하,36.3622577,127.3465281
11483,부산,기장볼링센터,체육시설,부산 기장군 기장읍 기장대로 516,35.2412507,129.2207583
1403,충남,세광사진관,미술,충남 천안시 동남구 버들로 1,36.8095089,127.1484634
8250,경기,하늘탁구클럽,체육시설,경기 시흥시 은행로173번길 15 601호,37.444989,126.7969145
8940,서울,(주)모두투어네트워크,여행사,서울 중구 을지로1가  188의3 백남빌딩 501,37.5655831,126.9793777
19220,충남,CLUB596(클럽596),관광지,충청남도 태안군 남면 몽대로 360-9,36.683579,126.2683706
18461,대전,예그리나(젬세라믹),문화체험,대전광역시 서구  둔산남로189번길 18,36.3501741,127.3986794
2055,부산,(주)베이비유 부산지점,미술,부산 해운대구 중동 1490-9,35.1571137,129.1811187
15108,전남,함평볼링장,체육시설,전남 함평군 함평읍 함장로 1159,35.0597435,126.521777
16201,제주,(재)고·양·부삼성사재단(삼성혈),관광지,제주특별자치도 제주시  삼성로 22,33.5047027,126.529358
19259,경기,국립현대미술관 과천,미술,경기도 과천시  광명로 313 국립현대미술관,37.4310373,127.019961
12587,경기,삼천리자전거 삼송원흥점,체육용품,경기도 고양시 덕양구  삼송로 148-1,37.6524158,126.8904145
14625,전남,CGV 여수웅천,영상,전라남도 여수시  웅천로 19-35 2층~8층,34.7478121,127.6781371
19848,제주,만화카페 벌툰 제주시청점,도서,제주특별자치도 제주시  중앙로 230-1 4층,33.4989665,126.5298511
12557,서울,예성스튜디오,미술,서울 광진구 강변역로 50 동서울터미널 2층 32호,37.5333713,127.0933675
19440,인천,터닝포인트짐 신현점,체육시설,인천광역시 서구  가정로 375 금강아미움 상가 5층,37.5064219,126.672376
14322,경기,군자체육사,체육용품,경기도 안산시 단원구  화랑로 30 장내과의원 군자체육사,37.3318357,126.7961367
8869,경기,토화도예,문화체험,경기도 이천시 신둔면 도자예술로5번길 52,37.3239798,127.4129911
1148,경기,성남AMF볼링장,체육시설,경기 성남시 수정구 모란로 46,37.4372128,127.1269341
13268,경북,덕구유황원탕,관광지,경북 울진군 북면 덕구온천로 529,37.0827566,129.3203284
22775,서울,뉴타운문고,도서,서울특별시 강북구  도봉로 45 숭인시장 나진동1호,37.6130238,127.0289642
11958,전남,전남 진도 소포검정쌀 정보화마을,관광지,전남 진도군 지산면 소포길 119-4 소포리사무소,34.4829043,126.2024746
5877,울산,무거동사진관,미술,울산 울주군 범서읍 굴화리 295-1번지 원예농협하나로마트 2층,35.5575976,129.2539559
14305,울산,아마띠악기,음악,울산광역시 남구  돋질로 186 1층,35.5412781,129.3256153
13773,충북,율량매표소,교통수단,충북 청주시 상당구 율량동 517-1 율량매표소,36.6685495,127.4954511
6395,전남,하은문고,도서,"전남 광양시 희망길 74, 어울림체육관 1층 ",34.9401903,127.7220609
20513,세종,연기향토박물관,미술,세종 세종시 연서면 양대길 34-4 (청라리),36.5955193,127.2078271
22344,경기,양주국민체육센터(양주시청),체육시설,경기도 양주시  고읍남로 172 양주국민체육센터,37.7932723,127.0809801
8546,부산,우신프라자볼링장,체육시설,"부산 사상구 모라동 1362 우신플라자상가 601,602호 ",35.1839136,128.9919826
15261,경남,KAI HOTEL(진주KAI관광호텔),숙박,경상남도 진주시 정촌면 화개천로 132-14 진주카이호텔,35.1279375,128.1042344
20003,서울,영풍문고 종각 종로본점,도서,"서울특별시 종로구  청계천로 41 영풍빌딩 B1, B2",37.5696304,126.9821706
14744,전남,화순군문화센터수영장(화순군청),체육시설,전남 화순군 화순읍 광덕로 231 화순군민문화센터,35.0655684,126.9918494
19750,서울,세종수제악기,음악,"서울특별시 종로구  삼일대로 428 낙원상가 2층 A258, A259호",37.5726662,126.9878079
5888,전북,씨앤에이치프리미어렌탈 (주) 전주지점,교통수단,전북 전주시 덕진구 백제대로 534,35.8386915,127.1289457
2421,서울,홍익도서,도서,서울특별시 마포구  동교로 148-8,37.5549704,126.9186048
17646,경기,헬스피아,체육시설,경기도 광주시 퇴촌면 광동로 41 명성빌딩,37.4706358,127.3074402
21308,경북,롯데시네마 경주황성,영상,경북 경주시 광중길 24,35.8804563,129.2249237
19912,경기,일신서점,도서,"경기도 남양주시 와부읍 덕소로97번길 9 일신프라자 110, 111, 112호",37.5868143,127.2125016
1184,충남,교학서점,도서,충남 서천군 서천읍 군사리 585-1,36.0768064,126.6926635
18803,경북,천지문구,미술,경상북도 상주시  상서문2길 130,36.4127724,128.1556717
5991,서울,엘리자베스,숙박,서울 영등포구 영중로4길 29 파라다이스파크여관 (영등포동3가),37.5179236,126.9095198
8180,강원,578프라이빗하우스,숙박,강원 정선군 남면 낙동뒷내길 16,37.3150523,128.6799141
16404,제주,거암표구사,미술,제주 제주시 일도2동59-4,33.5031063,126.5468748
18716,대구,주)경대서점,도서,대구광역시 북구  경대로7길 32-1,35.8857923,128.6105265
2984,인천,가감포토,미술,인천 서구 원창로 216 3층,37.517305,126.6734781
4228,경기,라이브아트,공연,경기도 수원시 권선구  곡선로49번길 24-16,37.2394116,127.0312654
5944,전남,(유)고흥남도관광여행사,여행사,전남 고흥군 고흥읍 봉동주공길 78-3,34.6032968,127.2951286
15313,전남,서원문고,도서,전라남도 순천시 해룡면 신대3길 5-54,34.9260192,127.5523974
15512,전남,서원문고,도서,전라남도 순천시 해룡면 신대3길 5-54,34.9260192,127.5523974
3631,전남,여수크리스찬백화점,도서,전남 여수시 여서1로 88-1 (여서동),34.7538094,127.7068829
12042,대구,주식회사 코리아항공여행사,여행사,대구 달성군 현풍중앙로 10길 12,35.6938285,128.4464456
14757,경북,티막스토어 포항점(워터스포츠),체육용품,경북 포항시 남구 희망대로 810 종합운동장내 포항실내수영장 1층,36.0081063,129.3610507
21437,인천,주식회사 차렌터카,교통수단,"인천광역시 연수구  먼우금로 218 연수푸르지오3단지 상가 301, 302호",37.4166023,126.6776931
19831,서울,피아노챔버,음악,서울특별시 관악구  남부순환로240길 40-12 galleryhouse 갤러리하우스 예 1층,37.4763572,126.9611633
20877,경기,풀잎문화센터 진건지부,문화체험,경기도 남양주시 진건읍 진건오남로105번길 16 세아아파트 세아상가 2층 202호,37.6606928,127.1770309
14083,경기,수원화성 장안문,관광지,경기도 수원시 팔달구 장안동  1-1,37.2884857,127.0139287
127,충남,둘레표구사,미술,충남 논산시 강경읍 남교리81,36.1593456,127.0190873
17634,전남,평화해운㈜ 당목지점,교통수단,전남 완도군 약산면 당목길 144,34.3777681,126.9466569
7707,서울,키즈쿠아,체육시설,서울 광진구 아차산로 499 광장동청구아파트 상가 지하1층 키즈쿠아 광장점,37.5424859,127.0962615
5265,경기,도농동주민자치센타,문화체험,경기도 남양주시  다산중앙로 7,37.6191011,127.1576713
10777,울산,면학서림,도서,울산 남구 문수로327번길 3  (옥동),35.5356783,129.2891197
7554,경북,영미사진관,미술,경북 경산시 자인면 일연로 64-1,35.819041,128.8230045
3581,제주,빨강궁전,숙박,제주 제주시 애월읍 고내봉길 42-9,33.4593876,126.335282
13376,제주,주식회사 꿈키,문화체험,제주 서귀포시 동홍서로 112번길 1,33.25842,126.5707806
2847,서울,진스튜디오,미술,서울 성동구 금호동1가125-2,37.5548631,127.020174
7533,경북,예지서림,도서,경북 울진군 후포면 후포로 39-2,36.6791789,129.44585
2122,대구,월드문고,도서,대구 수성구 달구벌대로3224 b102,35.8390495,128.7089632
11064,강원,빨간머리앤,숙박,강원 평창군 봉평면 면온리 697-1,37.5752652,128.3539816
5314,경기,캐슬모텔,숙박,경기 동두천시 생연동 어수로106번길 26,37.9009733,127.0539517
11496,경남,월드볼링센타,체육시설,경남 창원시 마산합포구 해안대로 11,35.1806362,128.560254
15191,강원,켄싱턴리조트 설악비치,숙박,강원 고성군 토성면 동해대로 4800,38.2432185,128.5723665
4077,충북,주식회사인터투어,숙박,충북 단양군 단양읍  삼봉로31,36.9820869,128.3485245
19240,경기,장안청소년문화의집(수원시청소년재단),문화체험,경기 수원시 팔달구 권광로 293,37.2741231,127.0348936
1531,경북,마우나오션리조트,숙박,경북 경주시 양남면 동남로 982 (신대리),35.6908124,129.3928162
15568,제주,하얀산호펜션,숙박,제주 제주시 우도면 우도해안길 144,33.4941796,126.9452751
6388,전남,칠성종합서적,도서,전남 광양시 광양읍 호북길 5,34.9795121,127.5838863
11144,서울,한양스튜디오,미술,서울 서대문구 홍은동 9-178,37.5984514,126.9491301
21133,제주,뽀로로앤타요 테마파크 제주,관광지,제주특별자치도 서귀포시 안덕면 병악로 269,33.2968281,126.3723948
22652,서울,한길서점,도서,서울 서대문구 독립문로 56 감리교신학대학 구내,37.5674793,126.9619615
11720,제주,OK승마장,체육시설,제주 서귀포시 표선면 번영로2595,33.4027906,126.7831873
10656,전남,한빛서점,도서,전남 여수시 무선로 59 (선원동),34.7662996,127.6558956
3050,서울,까치사진관,미술,서울 동대문구 답십리로 308 흥국상가1층5호,37.5718226,127.0746768
18105,서울,시립서울청소년센터,문화체험,서울특별시 중구  을지로11길 23 청소년회관 시립서울청소년센터,37.5674238,126.9905238
14675,전남,CGV 순천,영상,전라남도 순천시  장명로 22,34.9507475,127.4863822
9004,서울,동원,체육시설,서울 서초구 강남대로34길 32 지하1층,37.4833215,127.0377778
15646,전남,드림오피스(옥암점),도서,전라남도 목포시 옥암동 955,34.8094785,126.4278601
4181,경기,다농서점,도서,경기 안산시 상록구 월피동 445,37.3283199,126.8442318
7165,경북,칠곡관광여행사(주),여행사,경북 칠곡군 북삼읍 인평중앙로 28,36.0619167,128.3439356
7824,서울,뉴청룡볼링장,체육시설,서울 용산구 갈월동 98-38 지하1층,37.5412057,126.9725428
11386,대전,이도저도,도서,대전 유성구 신성로 62번길15,36.3885334,127.3486311
15238,서울,발리모텔,숙박,서울특별시 광진구  아차산로 316 발리모텔,37.5376299,127.0778152
15697,광주,캠프VR(캠프브이알(VR)),문화체험,광주광역시 동구  충장로 72 와이즈파크 6층,35.1484751,126.9150982
8902,강원,코리아종합서비스(코리아사진관),미술,강원 영월군 영월읍 중앙로 19,37.1836827,128.4659256
4387,경기,피카소북,도서,경기 안양시 동안구 신기대로33번길 12 1층,37.3805984,126.9584941
10296,경남,내외서점,도서,경남 김해시 경원로 80,35.2366218,128.8687973
9168,대구,삼성플러스관광 (주),여행사,대구 수성구 신매로16길 46 대구시티투어버스 (신매동),35.8384572,128.7097538
2213,대전,광장서점,도서,대전 유성구 지족동902-6번지,36.3750874,127.3191329
12550,부산,더월드모텔,숙박,부산 동구 초량1동622-3번지,35.1125874,129.0377247
8681,경기,CGV 안성,영상,경기도 안성시  아양2로 109,37.003199,127.256648
2752,인천,클아이포토,미술,인천 서구 마전동 604-7 사진관,37.5958184,126.6708489
21252,강원,삼천리자전거 평원점,체육용품,강원도 원주시  평원로 24,37.3490292,127.9529266
18851,서울,포도몰문화센터,문화체험,서울특별시 관악구  신림로 330 포도몰 6층,37.4838713,126.9301501
18537,부산,제일유리,미술,부산광역시 중구  중구로 28 국제시장6공구 B동 하층 제일유리,35.1002331,129.0280709
12719,부산,369모텔,숙박,부산 동구 자성로90번길 1,35.1348524,129.0621098
19357,광주,사진문화원(평화사진문화원),미술,광주광역시 북구  서하로 365 2층 (문흥동),35.1864515,126.9204776
12130,경남,해금강유람선,교통수단,경남 거제시 남부면 해금강로 270,34.7397542,128.6635477
17550,경기,필룩스 조명박물관(㈜필룩스),미술,경기도 양주시 광적면 광적로 235-48,37.8361145,126.9679502
22328,제주,아름다운스포츠,체육용품,제주특별자치도 제주시  수덕5길 37,33.4850619,126.4748983
13081,경북,한솔탁구교실,체육시설,경북 포항시 남구 상공로 38,36.0118409,129.3564527
9526,서울,방송대출판문화원 직영서점,도서,서울 성동구 아차산로12 방송대서울지역대학 지하 1층,37.5473375,127.0459042
3931,전북,홍익서점,도서,전라북도 부안군 부안읍 석정로 233 백제한의원,35.7246981,126.7377922
4756,경북,좋은사진,미술,"경북 포항시 북구 학전로 73-1, 경성빌라 나동 104호 ",36.0593447,129.3750886
20889,충북,삼천리자전거 금왕점,체육용품,충북 음성군 금왕읍 덕금로 1203,36.9915796,127.5909948
11177,경북,우방사진관,미술,경북 경주시 안강읍 산대리 2388번지 한성상가 101호,36.0032646,129.1969681
22485,경기,경기상상캠퍼스아트숍((재)경기문화재단),미술,"경기도 수원시 권선구  서둔로 166 경기상상캠퍼스 디자인1978, 1층",37.2629491,126.9817372
19408,전남,드림디포 구례점,미술,전라남도 구례군 구례읍 봉성로 16 드림디포,35.2035935,127.4646404
17442,충북,전경주사진이야기,미술,충청북도 충주시  사직로 54,36.9666849,127.91861
13236,서울,가나안기독교백화점,도서,서울 관악구 관악로 223,37.4848027,126.9551282
19244,경기,한신모텔,숙박,경기 성남시 수정구 공원로333번길 10,37.4427057,127.1501785
19700,강원,설악산생태탐방원(국립공원공단),숙박,강원 인제군 북면 쇠리길 106-40,38.1246897,128.302657
8832,충남,드림스포츠,체육용품,충청남도 공주시  한적1길 16 드림빌 102호,36.475583,127.1377126
15612,전북,대림파크,숙박,전라북도 군산시  상나운3길 13 대림파크,35.9636461,126.6918209
8909,광주,골목사진관(현스냅),미술,광주광역시 북구  첨단연신로107번길 45-11 (고원빌딩2층 201호),35.2347866,126.8640703
13713,경북,안동파크호텔,숙박,경북 안동시 경동로 707(운흥동),36.5599574,128.7308459
652,부산,동서대 구내북카페,도서,부산 사상구 주례로 47(주례동),35.1461158,129.0070426
5666,강원,영은모텔,숙박,강원 춘천시 중앙로 186-10,37.874796,127.714847
19856,경기,소사국민체육센터(부천시청),체육시설,경기도 부천시  소사로 108,37.4682437,126.7983167
16632,경기,경기 양평 유기농 정보화마을,관광지,경기 양평군 옥천면 하사천길 14,37.5273143,127.4858301
4533,경기,이천시외버스터미널,교통수단,경기 이천시 중리동 219-1,37.276916,127.4473819
4534,경기,이천종합터미널(고속),교통수단,경기 이천시 중리동 219-1,37.276916,127.4473819
1058,충북,럭키장여관,숙박,충북 제천시 의림대로 7-2 (영천동),37.129216,128.2055717
2765,서울,한강모텔,숙박,서울특별시 강동구  구천면로 147,37.5423104,127.1214756
16141,전남,영광레포츠,체육용품,전라남도 영광군 영광읍 중앙로 159,35.2732238,126.5118381
1106,경기,소요 볼링장,체육시설,경기 동두천시 동두천로 222,37.9011848,127.0559434
10597,경북,그린여행사 (주),여행사,경북 경주시 안강읍 초제길 39-12,36.0279411,129.2248519
7614,경북,죠이텔여관,숙박,경북 경산시 하양읍 하양로 178-1,35.9170433,128.8253481
19274,경기,3949 당구클럽,체육시설,"경기 안양시 동안구 경수대로 603, 3층 ",37.3762567,126.9555937
19744,충남,충남 계룡 쌈채피망청정 정보화마을,관광지,충남 계룡시 엄사면 광석향한길 43-8,36.2661089,127.2243951
2782,서울,서경대 구내서점,도서,서울 성북구 서경로 124번지 청운관,37.6153765,127.0135494
9987,경기,모노폴리스튜디오,미술,경기 시흥시 함송로 15 206호,37.3640049,126.7302897
7365,경북,아름다운사진 봉곡점,미술,경북 구미시 봉곡남로 123,36.1507737,128.3152448
10132,경남,합천영상테마파크,관광지,경남 합천군 용주면 합천호수로 757 (가호리),35.5520652,128.064163
16504,인천,CGV 부평,영상,인천광역시 부평구  마장로 489 아이즈빌아울렛 3층,37.5217753,126.703455
14821,부산,아이랜드,도서,부산광역시 남구  천제등로 11 동성하이타운 제상 -마-21호,35.1337042,129.0874962
9296,대전,호텔카라,숙박,대전 서구 월평동 월평로 57 선우빌딩,36.3563226,127.3632372
21494,인천,하늘정원펜션,숙박,인천광역시 강화군 화도면 동녘말길220번길 63 하늘정원,37.6158802,126.4009288
3315,전남,서울모텔 (여관),숙박,전남 여수시 무선6길 42-3 (선원동),34.7759975,127.6504025
15772,경기,㈜아름방송네트워크(케이블티비),영상,경기 성남시 분당구 정자동23-3번지,37.3668381,127.1062887
17959,광주,황금휘트니스&복싱클럽,체육시설,광주광역시 광산구  광산로 92 2층,35.1418208,126.8008787
9072,경기,하늘과 바람 별,숙박,경기 포천시 화현면 명덕리106-19,37.8694031,127.278039
22473,대구,VIP렌트카,교통수단,대구광역시 동구  동촌로 388,35.8759566,128.6808895
22361,경북,은하사진관,미술,경상북도 상주시  상산로 266-1,36.4146005,128.159579
6789,경북,코리아장여관,숙박,경북 안동시 중앙시장3길 5 (옥야동),36.5638205,128.7216173
227,부산,낙원별장,숙박,부산 남구 문현동  408-16,35.1375867,129.0702621
15794,서울,중랑구민체육센터(서울특별시중랑구시설관리공단),체육시설,서울특별시 중랑구  신내로15길 189 중랑구민체육센터,37.6151721,127.0874763
1832,부산,우리서점,도서,부산 부산진구 동성로 20-1,35.1522379,129.068519
11367,서울,(자)경인렌트카 영등포영업소,교통수단,서울 영등포구 시흥대로173길 13신대림자이제1층 105-2호,37.4865505,126.902434
15193,광주,반하다,문화체험,광주광역시 서구  금호운천길 54-18 1층,35.1398978,126.857938
8276,강원,고려궁전통한옥호텔,숙박,강원 평창군 대관령면 올림픽로 1169,37.6416866,128.6713269
15424,강원,장학문구사,미술,강원도 삼척시  척주로 17,37.4442786,129.1658163
19580,인천,CGV 연수역,영상,인천광역시 연수구  벚꽃로 106 연수광장프라자 8층,37.4177699,126.6773086
22911,전북,와와일공구 인후1호점(와와문구),미술,전라북도 전주시 덕진구  모래내6길 13,35.8346572,127.1456312
20256,충남,알톤스포츠 성정점(천안성정MTB),체육용품,충청남도 천안시 서북구  봉정로 137 앙상블자동차용점 알톤스포츠 성정점,36.8144286,127.1416102
4466,경기,이진도예,문화체험,경기도 이천시  경충대로 2908,37.293935,127.4215146
22548,경북,증산수도계곡캠핑장,관광지,경북 김천시 증산면 수도길 25,35.8644435,128.0120849
2277,서울,로즈마리,숙박,서울 송파구 잠실동  184-16,37.5111886,127.0845246
15837,충남,삼천리자전거 아산배방점,체육용품,"충남 아산시 배방읍 북수로 155, 1층 ",36.7731718,127.069716
6697,경북,클릭앤클릭(소망레코드),음악,경상북도 구미시 형곡1동  147-1 형곡시장프라자 30호,36.1130132,128.3341021
20100,경기,심상소사진관,미술,경기도 남양주시  다산중앙로145번길 17 1층,37.4125221,127.2552572
8629,강원,팝모텔,숙박,강원 원주시 단계동  863-3,37.3462504,127.9296616
9618,경기,아침고요수목원,관광지,경기 가평군 상면 수목원로 432,37.7439678,127.3524864
6859,경기,놀숲 송탄점,도서,경기 평택시 특구로 10 (서정동),37.0661883,127.0632366
14485,전남,한국대나무박물관(대나무자원연구소),미술,전라남도 담양군 담양읍 죽향문화로 35 담양문화원,35.3094544,126.9766564
2789,서울,동아사진관,미술,서울 성북구 화랑로 87(하월곡동),37.6080853,127.0324817
7761,서울,궁동탁구클럽,체육시설,서울 구로구 궁동 282-6 지층,37.4967505,126.8298017
21390,충북,제천시 어울림체육센터,체육시설,충청북도 제천시  관전로 70 제천시 어울림체육센터,37.1306501,128.2286663
6838,경남,(주)남양관광,여행사,경남 진주시 일반성면 동부로 1964번길,35.1707685,128.2768849
9672,대구,팔공산심천랜드온천,관광지,대구 동구 서촌로 145 (송정동),35.9867126,128.6205087
13257,경기,푸른세상문고,도서,경기도 의정부시  가능로97번길 41,37.7487967,127.0416912
14134,대전,중부디지탈사진관,미술,대전광역시 중구  산성로 55,36.3074875,127.3947771
1797,대구,(주)동부익스프레스(대구),교통수단,대구 동구 효목동 277-1,35.8783591,128.6312955
6105,서울,(주) 아트유저,미술,서울특별시 종로구  평창30길 15 평창프라쟈 갤러리 아트유저,37.6111188,126.9747236
10085,강원,㈜다다엔터테인먼트,공연,강원도 춘천시 금강로68-12 엠백화첨 별관4층 (조양동),37.8787481,127.7278533
12858,경기,(주)아이막,도서,경기 수원시 영통구 원천동 월드컵로 206,37.2833633,127.0465105
19393,경기,삼천리자전거할인매장,체육용품,경기도 광주시 초월읍 무들로47번길 7,37.38762,127.2930058
15814,대전,아트그라운드 플래닌(주식회사 플래닌),공연,대전광역시 서구  대덕대로162번길 51 덕수빌딩 지하1층 (갈마동),36.3456932,127.3779267
19234,경기,대지스튜디오,미술,"경기 의정부시 시민로121번길 26-8, 2층 ",37.7394538,127.049562
9556,서울,전통공연예술진흥재단,미술,서울특별시 서초구  남부순환로 2364 국립국악원,37.4777592,127.0083043
16420,서울,국립국악원,공연,서울특별시 서초구  남부순환로 2364 국립국악원,37.4777592,127.0083043
9260,서울,(주)엠브이피투어,여행사,서울 마포구 마포대로 173(공덕동) 1701호,37.54909,126.9532728
11384,서울,알라딘 중고서점 강서홈플러스점,도서,서울특별시 강서구  화곡로 398 홈플러스강서점앤본사사옥 4층,37.558418,126.854838
13126,대구,YES24 대구반월당점(예스이십사 주식회사 대구반월당점),도서,"대구광역시 중구  달구벌대로414길 26 1,2층 예스24 중고서점 대구반월당점",35.8649133,128.5895315
20138,광주,(주)굿바디트레이닝,체육시설,광주광역시 북구  초당로7번길 5,35.1948424,126.8937019
12149,전남,강진버스터미널,교통수단,전남 강진군 강진읍 영랑로 35,34.6385099,126.7679251
16668,서울,서초사진관,미술,서울특별시 서초구  반포대로10길 35 서초지웰 상가 108호,37.4842058,127.0136789
9513,서울,(주)대한음악사,음악,서울 서초구 남부순환로 2406(서초동),37.4786094,127.0113069
18628,서울,도봉실내수영장,체육시설,"서울 도봉구 도봉로180나길 41(도봉동, 한신아파트상가 내) 지하 2층 ",37.682197,127.045518
16559,서울,LG트윈스(서울 잠실야구장),스포츠관람,서울특별시 송파구  올림픽로 25 서울종합운동장,37.5153013,127.0728076
16877,서울,두산베어스(서울 잠실야구장),스포츠관람,서울특별시 송파구  올림픽로 25 서울종합운동장,37.5153013,127.0728076
17724,서울,SK나이츠 SHOP(㈜조이포스플러스),체육용품,서울특별시 송파구  올림픽로 25 서울종합운동장,37.5153013,127.0728076
577,대구,예송사진관,미술,대구 달서구 송현로 149 (송현동),35.8307851,128.5444531
1968,대구,박물관 수,미술,대구광역시 수성구  국채보상로186길 79,35.8648602,128.6341714
6156,서울,가회민화박물관,미술,서울특별시 종로구  북촌로 52,37.5814333,126.9852321
19925,전북,롯데시네마 익산모현,영상,전북 익산시 선화로 77,35.9538421,126.9812665
9836,강원,문배골 캠핑장,관광지,강원 춘천시 남산면 백양리 175,37.7986682,127.5897017
5739,강원,대한렌트카(주),교통수단,강원 춘천시 효자동  709-13 1층좌동,37.8663654,127.7330168
12681,대구,아이엠화방(대삼화방),미술,대구광역시 중구  명덕로 233-1,35.8566145,128.595884
16489,경기,한을도예공방(한을도예미술교습소),문화체험,경기도 의정부시  신촌로29번길 20-22 1층,37.751136,127.0387345
3385,제주,홍익여행사,여행사,제주 제주시 한북로 79,33.4638683,126.5245417
9341,서울,주식회사 허브여행사,여행사,"서울특별시 강서구 등촌동  633-7, 1층",37.5540135,126.8670174
11148,서울,은평문화원,문화체험,서울 은평구 녹번로 16,37.6036744,126.927865
880,충남,스튜디오 행복한날,미술,충남 천안시 서북구 두정동 998 102호,36.8355624,127.1354939
14016,경기,여나씨그릇,문화체험,"경기 김포시 초당로 16번길 86-4, 101호 ",37.6409924,126.6719694
9687,대전,류포토그라피 스튜디오,미술,대전 유성구 대학로 153 지하,36.3606805,127.3504289
4352,경기,(주)국화렌트카,교통수단,경기 의정부시 경의로85번길 16-2,37.7336291,127.0450316
19037,울산,디디바바문구라인,미술,울산광역시 동구  문현로 34 디디바바 문구라인,35.4854128,129.4134104
16264,대전,메가박스 대전현대아울렛,영상,대전 유성구 테크노중앙로 123 현대프리미엄아울렛 대전점 3층~4층,36.4234842,127.3984443
19802,충남,충남 홍성 속동갯벌 정보화마을,관광지,충남 홍성군 서부면 남당항로 689,36.5767826,126.4644756
22314,전북,문학문구,미술,전라북도 전주시 완산구  문학대5길 11-8,35.8277284,127.103379
17166,전북,삼천리자전거 삼례점(케이바이크(K-Bike)),체육용품,전라북도 완주군 삼례읍 삼례로 381-1,35.91105,127.0717443
12356,경북,진성주단,문화체험,경상북도 안동시 경동로 862 시장상가 50호,36.5646427,128.7151397
14635,제주,제주풀무질,도서,제주특별자치도 제주시 구좌읍 세화합전2길 10-2,33.5132234,126.8588739
19140,경기,비타7펜션,숙박,경기 가평군 북면 가화로 1343,37.9407097,127.4912991
15895,경북,혼수명가예전(혼수의명가 예전),문화체험,경상북도 김천시  자산로 115,36.1208863,128.1193972
9271,경남,(주) 여행만들기,여행사,경남 거제시 거제중앙로 1894,34.8873269,128.6238528
21711,경기,놀숲 구리돌다리점,도서,"경기 구리시 안골로77번길 47, 2층 ",37.5994832,127.1394124
12188,충북,삼천리자전거 강서점,체육용품,충북 청주시 흥덕구 가로수로1164번길 3,36.6267702,127.4264377
4472,경북,(주)대저해운,교통수단,경북 포항시 북구 해안로 44 포항연안여객터미널 대저해운,36.0516863,129.3777498
9227,전북,부안체육사,체육용품,전라북도 부안군 부안읍 번영로 89,35.7267638,126.7305026
19952,전북,월명수영장(군산시청),체육시설,전북 군산시 번영로 281,35.9639181,126.7476388
17777,서울,드림악기,음악,서울특별시 강서구  공항대로 437 운산한의원 1층 드림악기,37.5548911,126.8559509
11006,강원,(주)현대관광렌트카인제영업소,교통수단,강원 인제군 인제읍 비봉로37-1,38.0662263,128.1743762
18530,경기,무아공방,문화체험,경기도 이천시  경충대로2993번길 38 태관도요 1층 무아공방,37.2942016,127.411992
14346,서울,중랑숲캠핑장&중랑청소년체험의숲,관광지,서울특별시 중랑구  망우로87길 110 캠핑장관리소,37.6066977,127.1101168
7428,경북,인스튜디오,미술,경북 구미시 송정대로 58,36.1176173,128.3452625
4995,경기,군포국악사,문화체험,경기 군포시 금산로 64,37.3679808,126.9386228
8593,경기,아방궁 당구클럽,체육시설,경기도 안양시 동안구 관평로182번길 31,37.3938614,126.9620047
9536,경기,정우스튜디오,미술,경기 수원시 장안구 송죽동 499-7,37.3014688,127.0082558
18980,경북,알파문구 포항남구점,미술,경상북도 포항시 남구  대이로 165 연우빌딩 1층,36.0295779,129.3391366
9487,서울,KCDF갤러리,미술,서울특별시 종로구  인사동11길 8 공예종합유통지원센터,37.5739994,126.9841489
940,충북,(주)나드리관광여행사,여행사,충북 청주시 상당구 월평로214번길 6-1,36.6078566,127.5065654
12091,충남,㈜롯데렌터카 천안아산KTX영업소,교통수단,충남 아산시 배방읍 광장로 210 와이몰1층 101호,36.7954646,127.1074568
2923,서울,대우장,숙박,서울 강서구 양천로 54,37.5729132,126.809852
19625,대구,e편한서점문구(이편한서점),미술,대구광역시 달성군 다사읍 다사역로 60 다사e-편한세상아파트 상가 301동 112호,35.868378,128.4569584
10378,부산,진선미필림,미술,부산 수영구 연수로415번길 60,35.1702763,129.1159182
5357,강원,강릉구내서적,도서,강원 강릉시 지변동 죽헌길 7 강릉원주대학교 생명대강의실,37.7701317,128.8690744
15254,인천,드림랜드,관광지,인천 중구 북성동1가98-56,37.4747543,126.5995501
5688,강원,설악산파크,숙박,강원 속초시 설악동  247-15,38.1681813,128.4769101
20399,전북,전북 김제 남포들녘 정보화마을,관광지,전북 김제시 성덕면 지평선로 124,35.8111063,126.7884165
21651,광주,아리랑주단,문화체험,광주광역시 동구  충장로 51-1,35.1500771,126.913918
12114,대구,삼천리자전거 성당점,체육용품,"대구 달서구 대명천로 95 ,  ",35.8392172,128.5493458
6149,울산,그린 스튜디오,미술,울산광역시 중구  시계탑거리 27 2층,35.5540505,129.3219157
4390,경기,아주스튜디오,미술,경기 수원시 영통구 아주로 22,37.2767553,127.0441266
12479,강원,좋은교육,도서,강원 강릉시 경강로 2170 (옥천동),37.7589843,128.9024007
1206,서울,주식회사 북새통 문고,도서,서울 마포구 홍익로6길 57(동교동),37.5566007,126.9243624
20079,서울,에이치디아이,문화체험,서울특별시 용산구  이태원로 274 용산공예관 201호,37.5389612,127.0020591
8603,경기,놀숲 남양주오남점,도서,"경기 남양주시 오남읍 진건오남로 804, 지하1층 ",37.698372,127.2029
17510,경북,고마워스튜디오,미술,경상북도 영천시  수원지길 22-11,35.9626454,128.922937
15137,경기,호계체육관 탁구장(안양도시공사),체육시설,경기도 안양시 동안구  귀인로80번길 52 호계체육관,37.3801404,126.9469222
15494,경기,호계체육관 배드민턴장(안양도시공사),체육시설,경기도 안양시 동안구  귀인로80번길 52 호계체육관,37.3801404,126.9469222
15624,경기,호계체육관 볼링장(안양도시공사),체육시설,경기도 안양시 동안구  귀인로80번길 52 호계체육관,37.3801404,126.9469222
7422,경북,호텔갤러리,숙박,경북 구미시 상사서로18길 9,36.0975669,128.3579428
5850,강원,용평리조트,숙박,강원도 평창군 대관령면 올림픽로 715 용평리조트,37.6457152,128.6824771
19695,광주,(유)차판사렌트카,교통수단,광주광역시 남구  서문대로 758,35.1271276,126.8982152
4494,경기,나드리사진관 (스튜디오),미술,경기 양주시 가마골로 4 3층 (부곡리),37.7191507,126.9751772
13850,경남,삼가터미널,교통수단,경남 합천군 삼가면 금리 64-5,35.4146239,128.1216695
6022,인천,노블레스 모텔,숙박,인천광역시 남동구  경인로644번길 113 노블레스모텔,37.4649592,126.7137759
11046,전북,쉐르빌모텔,숙박,전북 정읍시 내장산로 937,35.4932457,126.9284376
5768,경기,경기도 광주 터미널,교통수단,경기 광주시 광주대로 30,37.409522,127.2612286
19232,경기,E스튜디오,미술,경기 광주시 광주대로 30,37.409522,127.2612286
18129,경북,영양 작은영화관(재단법인 영양축제관광재단),영상,경상북도 영양군 영양읍 군민회관길 7 영양문화원 2층,36.66349,129.1175597
12431,강원,영월관광합자회사,여행사,강원 영월군 영월읍 하송로 193,37.1731135,128.4547608
14987,부산,삼천리자전거 동구점,체육용품,부산광역시 동구 좌천동  68-858,35.1307972,129.0512408
4113,경북,(자)청량관광,여행사,경북 봉화군 봉화읍 봉화로 1129,36.8912223,128.7335336
3218,충북,청맥서점 니즈,도서,충북 청주시 청원구 오창읍 구룡5길 12,36.7129798,127.4153654
22614,서울,노원문고 중계점,도서,서울특별시 노원구  중계로 206 세일학원 B1,37.6508043,127.0775065
9944,경기,쁘띠베베스튜디오,미술,경기 고양시 덕양구 충장로282번길 137,37.6413028,126.8428763
1037,충북,도서할인매장 책마을,도서,충북 충주시 연원17길 1 (연수동),36.9825208,127.9327196
19691,서울,알톤스포츠 바이크아카데미,체육용품,서울특별시 도봉구  방학로 53 1층,37.6625008,127.046381
9014,제주,만복모텔,숙박,제주 제주시 삼도일동 750-3,33.5096572,126.5190984
9747,충남,(주)쎄니트 공주지점,영상,충남 공주시 흑수골길 12,36.4735186,127.1388792
14909,충남,메가박스 공주,영상,충남 공주시 흑수골길 12,36.4735186,127.1388792
11849,서울,한양탁구장,체육시설,서울 성동구 왕십리로 235,37.5572334,127.0413102
15946,부산,알톤스포츠(알톤스포츠 당리점),체육용품,"부산광역시 사하구  낙동대로 359 알톤스포츠 하단,당리, 사하대리점 (당리동)",35.1014706,128.9780744
5127,강원,파랑새음반,음악,강원 화천군 화천읍 하리 32,38.1042711,127.7024193
13303,인천,아주볼링센타,체육시설,인천광역시 부평구  갈월서로 26 아주아파트 아주종합상가 3층,37.5095095,126.7232182
22145,경기,도예공방 들꽃마을,문화체험,경기도 이천시 신둔면 도자예술로5번길 95,37.3239798,127.4129911
13955,경북,놀이터(놀이를 만드는 공간),공연,경상북도 안동시  태화1길 11 2층,36.5643551,128.7130513
9547,충북,진천군청(종박물관),미술,충북 진천군 진천읍  710번지,36.8549749,127.4412383
18504,경북,초담산방(덕심도예),문화체험,경상북도 김천시 감문면 송북1길 100-7,36.2487181,128.1554468
3847,충남,홍성기독백화점,도서,충남 홍성군 홍성읍 오관리 309-11,36.6006922,126.6671559
3740,제주,제주필하우스,숙박,제주 제주시 조천읍 일주동로 1415,33.544947,126.6863809
1498,광주,㈜뉴스포츠코리아,체육용품,광주 남구 군분로 134-1 (월산로),35.1444275,126.8887048
13295,강원,LG헬로비전 영서방송(케이블티비),영상,강원 원주시 동부순환로 154-25,37.3281205,127.9761138
7589,경북,제월도예,문화체험,경상북도 의성군 의성읍 의성길안로 157,36.3643765,128.714612
21847,서울,에뜨스튜디오,미술,"서울 강동구 올림픽로 677, 2층 ",37.5419639,127.1243165
5779,경기,㈜롯데렌터카 분당영업소,교통수단,경기 성남시 분당구 서현로 170 풍림아이원플러스 2층 235호,37.3889821,127.1225406
15957,서울,바이크패밀리(비에프컴퍼니),체육용품,서울특별시 송파구  문정로 195 삼성아파트 상가 201호,37.4962453,127.1391419
14888,경남,씨네Q하동(주식회사 씨네큐),영상,경상남도 하동군 하동읍 시장1길 17 민속방앗간 3층~4층,35.0691415,127.7490861
7989,전남,주식회사 아이디,체육시설,"전남 나주시 그린로 317-15 4층 , 5층(빛가람동, 아이디빌딩) ",35.0160601,126.7107572
13729,경북,미진스튜디오,미술,경상북도 문경시  당교로 203,36.5853312,128.1853015
1096,경기,볼링샵,체육시설,경기 광주시 파발로 87 1층 102호,37.4130675,127.2565115
9766,대전,둘리스튜디오,미술,대전 동구 용운동 323-3,36.3228952,127.4606499
1718,대전,신황실서점,도서,"대전광역시 서구  청사로 65 황실타운아파트 상가동 211호, 212호",36.3609298,127.3717617
7107,경북,알토모텔,숙박,경북 영양군 영양읍서부리507의8,36.6634693,129.1092708
22256,서울,코렉스자전거,체육용품,서울특별시 구로구  구로중앙로28길 31 성화빌딩 1층,37.4995692,126.8872858
1478,충북,샤크,숙박,충북 음성군 대소면  삼양로 572-6,36.9544947,127.4588844
23319,경남,창원대학서점,도서,경남 창원시 의창구 창원대학로 20,35.245595,128.691953
1640,경기,삼천리자전거 남양점,체육용품,"경기도 화성시 남양읍 남양성지로 183 1층, 101호",37.2114799,126.8221662
21947,경기,알톤자전거 옥정호수점,체육용품,경기도 양주시  옥정동로 173 다올레이크프라자상가 1동 103호,37.8203009,127.0864731
20547,서울,금지옥엽(모두를위한극장공정영화협동조합),도서,서울특별시 중구  청계천로 160 세운청계상가 가열 312호,37.5681618,126.9953217
11857,인천,대한체육사,체육용품,인천 중구 자유공원로 5-1(인현동),37.4752978,126.6296088
15642,인천,썸모텔,숙박,인천광역시 미추홀구  독배로 498 20 (숭의동),37.4618492,126.6438196
19851,충북,삼천리자전거(충청윤업사),체육용품,충청북도 청주시 상당구  무농정로 32 농협청주농산물물류센타 삼천리자전거(충청윤업사),36.6048037,127.506871
18985,경기,메가박스 하남스타필드,영상,경기 하남시 미사대로 750 스타필드 하남 4F,37.5454148,127.2237176
9864,부산,드라마스튜디오,미술,부산 부산진구 신천대로 246,35.1637915,129.0512536
1345,경북,그랜드모텔,숙박,경북 상주시 중앙로 254,36.4157774,128.1662573
17794,경북,(주)이안,공연,경상북도 경주시  엑스포로 80,35.8364823,129.2937125
8141,충남,농업회사법인(주) 충남북승마클럽,체육시설,충남 논산시 은진면 용산리 83-1,36.1613847,127.1238738
7758,강원,대관령품안에펜션,숙박,강원 평창군 대관령면 꽃밭양지길 372,37.7019505,128.7133132
11110,강원,혼수방,문화체험,강원 고성군 거진읍 거진시장길 9,38.4473678,128.4549703
16569,경기,운정행복센터 수영장,체육시설,경기 파주시 와석순환로 415,37.7133199,126.7523421
7368,경북,싼타모텔,숙박,경북 구미시 봉곡로12길 9-4,36.1474099,128.311523
19548,경기,이포보 캠핑장(여주시청),관광지,경기도 여주시 대신면 여양로 1935-177,37.3735142,127.5893231
4984,강원,강원 영월 한가람 정보화마을,관광지,강원 영월군 남면 서강로 1855,37.1994244,128.4019681
14086,경북,사벌포목,문화체험,경상북도 상주시  중앙시장길 13,36.4134896,128.1613463
8424,경기,삼천리자전거 생연점,체육용품,경기 동두천시 평화로 2475-1,37.9088737,127.0581786
17163,서울,갑을문고,도서,서울특별시 성북구  화랑로11길 26 월곡갑을명가  B101호,37.6031426,127.04199
19413,대전,굿바디필라테스 정림점,체육시설,"대전광역시 서구  정림로 78 3층(정림동, 남대전농협)",36.307386,127.36479
6027,전남,영풍문고 목포 터미널점,도서,전남 목포시 상동 220번지 목포종합버스터미널 영풍문고 목포점,34.812777,126.4178885
2327,서울,신림동사진관,미술,서울특별시 관악구  남부순환로163다길 23 301호,37.4854763,126.9225913
1893,부산,코리아나모텔,숙박,부산 동구 초량동  386-3,35.1172609,129.0399583
15258,서울,㈜대명레저산업 문정지점,숙박,서울 송파구 문정동 641-4 지하1층,37.4851331,127.1238462
6791,경북,초록페이지스튜디오,미술,경북 안동시 태화동 불무골1길 10-10,36.5674078,128.7083144
18470,서울,한보책문구(한보문고),도서,서울 강동구 천호대로 1194지하1층,37.5342618,127.1439947
14932,충남,아람누리(농업회사법인(주)아람누리),문화체험,충청남도 공주시 반포면 갈월길 88,36.42019,127.2058247
20472,경기,챔피언 AK프라자 수원점,관광지,경기 수원시 팔달구 덕영대로 924 AK플라자 5층,37.2656777,127.0003136
10151,경남,잘하는사진관,미술,경남 창원시 마산회원구 3·15대로 772-1 2층,35.240383,128.5844521
23472,경북,바비샵 엔 공방,문화체험,경상북도 청송군 청송읍 금월로 274,36.4333685,129.0564084
14239,경기,주식회사 라임하우스,문화체험,"경기도 용인시 기흥구  서그내로15번길 13-13 경희복음교회 (서천동, 라임하우스)",37.2466768,127.0751912
10488,강원,평창장여관,숙박,강원 평창군 평창읍 하리 159,37.367932,128.396097
8449,경남,큐브락볼링장,체육시설,경남 김해시 내외로77번길 12 16층,35.2356062,128.8661134
16901,경기,피엔제이투어주식회사,여행사,경기도 수원시 장안구  경수대로 862 창경빌딩 402호,37.2977242,127.0140066
11603,경기,강산볼링장,체육시설,경기 평택시 안중읍 안현로서2길 14 지하1층 (안중강산타운),36.9882989,126.9301014
15423,전남,유월드루지테마파크,관광지,전라남도 여수시 소라면 안심산길 155,34.7477947,127.6412509
3920,전북,베이비제이(사진관),미술,전북 정읍시 초산로 95,35.567122,126.8555233
10330,강원,꿈동이인형극단,공연,강원 춘천시 동내면 거두길 315-79,37.8619847,127.7966766
10522,전남,자연드림시네마,영상,전남 구례군 용방면 용산로 107-73,35.2750575,127.4123763
13594,광주,힐링요가&필라테스,체육시설,광주광역시 서구  상무중앙로 43 무등일보 3층,35.1508666,126.8478351
1011,충남,부귀장여관,숙박,충남 아산시 온천동  83-23,36.7814031,127.0063199
19058,경기,영진도자기,미술,경기 여주시 신륵사길 22-5,37.2987923,127.6545654
1283,충북,큐모텔,숙박,충북 진천군 진천읍  중앙동2길 9,36.855215,127.4437647
21060,전남,두두크래프트(doudou),문화체험,전라남도 여수시 소라면 죽림1길 38 1층,34.7615625,127.6366991
11532,경기,고양어울림누리((재)고양문화재단),공연,경기도 고양시 덕양구  어울림로 33,37.6498532,126.8349846
1490,충북,(주)세일관광여행사,여행사,충북 음성군 음성읍 읍내리 536,36.9352355,127.6901411
1866,서울,놀숲 신림역점,도서,서울 관악구 신림로 321 (신림동) 지하1층,37.4828606,126.9295271
17357,전남,고려상사,미술,전라남도 장흥군 장흥읍 장흥로 7,34.6805628,126.9056239
4616,경기,studio The 좋은날,미술,경기 파주시 청석로 268 미소시타 905호,37.7257836,126.7177089
9585,경기,아름다운사진,미술,"경기 광명시  오리로 841,(철산동) ",37.4735199,126.86705
17807,서울,씨네Q 신도림((주)씨네큐),영상,서울특별시 구로구  새말로 97 신도림테크노마트 12층,37.5070431,126.8902185
10243,부산,CGV 동래,영상,부산광역시 동래구  중앙대로 1523 SKHUBSKY 6층,35.2212587,129.0856203
705,부산,대동대학서점,도서,부산 금정구 동부곡로27번길 65,35.2284698,129.0950187
3895,충남,CGV 홍성,영상,충남 홍성군 홍성읍 조양로247번길9 / 7층,36.6011474,126.6765497
12273,서울,첼로모텔,숙박,서울 송파구  오금로11길 23-19 (방이2동),37.5155482,127.1079968
12368,인천,라임호텔,숙박,인천 부평구 부평문화로79번길 40 (부평4동),37.4958618,126.7242925
10894,서울,가일아트,미술,서울 종로구 인사동 인사동길 23     8층,37.5727092,126.9861463
1365,충남,서천역,교통수단,충남 서천군 서천읍 화금리 277,36.0819122,126.7079026
4572,경기,경기 양평 미사랑 정보화마을,관광지,경기 양평군 지평면 지평로 878,37.435399,127.6196585
14924,서울,CGV 압구정,영상,서울특별시 강남구  압구정로30길 45,37.5242994,127.0294095
2328,서울,화양장,숙박,서울 광진구 자양동  7-43,37.5400219,127.0691564
18855,강원,베니키아 호텔 산과바다 주문진,숙박,강원도 강릉시 주문진읍 해안로 2070,37.9088,128.8198378
21255,경기,국립아세안자연휴양림,관광지,경기 양주시 백석읍 기산로 472,37.7777198,126.9454887
22866,경기,두바퀴자전거,체육용품,경기도 시흥시  정왕대로337번길 18 1층,37.3406855,126.7499814
17782,서울,팀플레이예술기획(주),공연,서울특별시 종로구  성균관로5가길 16-2,37.5839603,126.9963626
10396,전북,동아서점,도서,전북 익산시 고봉로 272,35.9560996,126.9704958
10476,경남,ENGLISH PLUS 마산점,도서,"경남 창원시 마산합포구 월남동5가 해안대로 7 남부시네마타운   (월남동5가,남부시네마타운603호외) ",35.1807949,128.5597175
4177,경기,안산버스터미널(고속),교통수단,경기 안산시 상록구 성포동 590,37.3171241,126.8479131
3761,충북,열린문고,도서,충북 청주시 서원구 복대로 32,36.6200939,127.4456227
18451,대구,비슬승마체험장,체육시설,대구 달성군 옥포면 비슬로468길 43 .,35.7871574,128.4763522
12123,전북,삼천리자전거 황등점,체육용품,전북 익산군 황등면 황등로 176,36.0075359,126.9444602
7030,경북,울릉예림원,관광지,경북 울릉군 북면 울릉순환로 2746-24 (현포리),37.5370444,130.8469165
11521,경기,삼천리자전거 신영통점,체육용품,경기 화성시 영통로 31,37.23351,127.0635956
13548,충남,곰섬올레펜션,숙박,충청남도 태안군 남면 곰섬로 552,36.5911747,126.2892332
5454,강원,중앙서적,도서,강원 철원군 동송읍  이평리680-85,38.207492,127.2187169
21506,경기,키즈킹콩서점,도서,"경기 안산시 단원구 광덕대로174, 월드타운 B-306호 ",37.3119044,126.8310271
13250,서울,(주)불광문고,음악,서울특별시 은평구 불광1동 272-51,37.6117852,126.9293252
5286,강원,엘가스튜디오,미술,강원 원주시 능라동길 51,37.3422186,127.9201621
18081,충남,천안예술의전당(재단법인 천안문화재단),공연,충청남도 천안시 동남구 성남면 종합휴양지로 185 문화센터,36.7550986,127.2231151
13753,경남,클레이아크김해미술관(재)김해문화재단 클레이아크김해,미술,경상남도 김해시 진례면 진례로 275-51 클레이아크 김해미술관,35.250988,128.7447967
19994,인천,용인대석사정무태권도장,체육시설,인천광역시 부평구  배곶북로 10-21 3층,37.4743232,126.6967628
20290,전남,하나로탁구회관,체육시설,전남 순천시 하풍1길 20,34.9391229,127.5067439
6854,경기,문리버스튜디오,미술,경기 평택시 지산1로 17-4,37.0768344,127.0580369
13522,전남,장성사거리터미널,교통수단,전남 장성군 북이면 사거리 636-1 (장성사거리),35.4303961,126.8098684
12641,대전,동방삭레포츠유한회사,관광지,대전 서구 만년로 77 (만년동),36.3679072,127.3814441
19404,광주,(주)수완세종문고,도서,광주광역시 광산구  임방울대로 327,35.1893519,126.8230211
10772,서울,에이스문고,도서,서울특별시 강동구  양재대로 1619 가야빌딩 지하1층,37.5499518,127.143503
15741,경북,디지털희망칼라,미술,경상북도 포항시 북구  중흥로 257,36.0261341,129.3603744
10455,충북,중앙스포츠,체육용품,충북 영동군 영동읍 중앙로 14-1,36.1739409,127.7754007
7861,대전,삼화서점(테크노),도서,"대전 유성구 관평2로 32-1(관평동,엔젤빌딩) ",36.4239417,127.3893358
21073,대전,롯데컬처웍스㈜롯데시네마 대전(백화점),영상,대전광역시 서구  계룡로 598 롯데백화점 10층,36.3411098,127.3894096
803,대구,꼬마또래,도서,대구 달서구 선원남로 99 (이곡동),35.858196,128.5118664
12956,충남,(주)롯데렌터카 서산지점,교통수단,충남 서산시 서해로 3437 원진빌딩 2층,36.7715926,126.4596323
4577,경기,제현스튜디오,미술,경기 수원시 팔달구 인계동 211,37.2763815,127.0266683
21528,경기,탱크뱅크,도서,경기 광주시 도척면 추곡리47-2,37.2815998,127.3029436
9767,전북,호남사진관,미술,전북 군산시 대명2길 2,35.9802738,126.7196142
4332,경기,비봉관광여행사,여행사,경기 안성시 장기로 102-1,37.0038662,127.2740204
4926,경북,동명서점,도서,경북 문경시 상신로 19,36.5951035,128.1968813
16772,인천,한지생각 이닥(한지생각이닥 주식회사),문화체험,인천광역시 중구  우현로35번길 14-1,37.4705854,126.6261859
22572,대구,현대디지털사진실,미술,대구광역시 남구  대명로 152,35.8389834,128.574301
959,경기,하안스튜디오,미술,경기 광명시 하안4동 33-1 다래빌딩 204호,37.4631846,126.8794265
18059,부산,문화기획단무대공감,공연,부산광역시 수영구  남천동로16번길 5 지하1층,35.1423069,129.1102756
3940,충북,(합) 오토렌트카 서원지점,교통수단,충북 청주시 서원구 청남로 2100,36.61948,127.4874722
20330,경기,수원FC 팬샵,체육용품,경기도 수원시 장안구  경수대로 893 수원종합운동장(주경기장) 운동장 내 수원FC 팬샵,37.297749,127.0113456
8706,경남,씨엔엔호텔,숙박,경남 창원시 성산구 상남로 118 씨엔엔타워 9-10층 (상남동),35.2234616,128.6831409
16241,충남,온양여인숙,숙박,충청남도 아산시  온천대로 1510-10 일심여인숙 온양여인숙,36.7804788,127.0052787
4338,경기,예원사진관,미술,경기 수원시 영통구 매탄1동 153-124,37.2742591,127.0422109
17286,경기,문예회관(재단법인 용인문화재단),공연,경기도 용인시 처인구  중부대로1392번길 5,37.2317662,127.1981161
6266,제주,호텔아로하,숙박,제주 서귀포시 성산읍 성산등용로 40,33.4663822,126.9310406
15142,전북,동아체육사,체육용품,전라북도 익산시 어양동  598-1,35.952427,126.9791573
9165,경남,거창관광(주),여행사,경남 거창군 거창읍 강양5길 6-1 (대동리),35.6889925,127.9157118
15413,경기,한국사회교육원부설 한국문화센터,문화체험,경기 성남시 분당구 돌마로 68 분당프라자 707,37.3662286,127.126544
21856,서울,신의손사진관 성동구점,미술,서울 성동구 왕십리로 217-1,37.5568675,127.0427489
22373,경기,우드팜스토리,문화체험,경기도 평택시  유천1길 16,36.975579,127.1182448
21580,서울,에로스모텔,숙박,서울 관악구 남부순환로 1591-8,37.4844416,126.9272024
23106,대전,타이거태권도장,체육시설,대전광역시 대덕구  계족로663번길 30-6 2층(법동),36.3708533,127.4271529
20937,경북,삼천리자전거 신교점,체육용품,경상북도 경산시  경안로 74 경산은하맨션아파트 삼천리자전거 신교점,35.8141397,128.739711
22251,충북,해늘책방,도서,충청북도 제천시  죽하로11길 8 1층 101호,37.1578125,128.2242613
9556,서울,전통공연예술진흥재단,미술,서울특별시 서초구  남부순환로 2364 국립국악원,37.4777592,127.0083043
16420,서울,국립국악원,공연,서울특별시 서초구  남부순환로 2364 국립국악원,37.4777592,127.0083043
22335,경남,케넥스축구교실,체육시설,경상남도 거제시  수양로 456-7 2층,34.8929881,128.6411788
4204,경북,모든스튜디오,미술,경북 포항시 북구 우창로 44,36.0584706,129.3608318
16541,경기,맑음터공원배드민턴장(오산시체육회),체육시설,경기도 오산시 누읍동  115-1,37.1366125,127.0631918
21386,전북,삼천리자전거 동부대로점,체육용품,전라북도 전주시 덕진구  동부대로 762,35.8562758,127.1573632
12152,경기,성남종합버스터미널,교통수단,경기 성남시 분당구 성남대로 925길 16,37.3746488,127.1182617
19158,대구,해안상설자전거,체육용품,대구광역시 동구  동촌로 183,35.8836306,128.6604956
7046,경북,블레스모텔,숙박,"경북 경산시  중앙로19길 18,(중방동) ",35.8251841,128.7363265
8934,대전,지족서점,도서,"대전 유성구 지족동로 150, 202호 ",36.3886608,127.3077026
2059,서울,(주)타임앤서준스튜디오,미술,서울 강남구 신사동 561-9번지 동문빌딩 302호,37.5192281,127.0250022
15865,경기,삼천리자전거 이매점,체육용품,경기 성남시 분당구 양현로 126 (이매동),37.3965257,127.1287356
6188,울산,세븐사진관,미술,울산 중구 학성동 432-152,35.558105,129.3300682
12860,경기,대기문고,도서,경기 의정부시 충의로 139 대기빌딩2층,37.7439176,127.0844149
8231,강원,심스캐빈,숙박,강원 평창군 봉평면 원길리 988,37.6203257,128.358715
11889,인천,㈜공삼이컴퍼니(인천유나이티드 블루마켓),체육용품,인천 남구 석정로326번길 13(도화동),37.4672304,126.6720913
13291,인천,주식회사 공삼이컴퍼니(인천유나이티드 블루마켓),체육용품,인천 남구 석정로326번길 13(도화동),37.4672304,126.6720913
16828,경기,롯데컬처웍스㈜롯데시네마 안양,영상,"경기 안양시 만안구 만안로 244 (안양동, 롯데백화점) 8층 ",37.403088,126.921761
21680,대구,삼천리자전거 시지점,체육용품,대구광역시 수성구  달구벌대로 3080,35.8426888,128.6938688
9314,서울,하얀장,숙박,서울 동대문구 장안동  430-7,37.5642575,127.0661123
2896,부산,온누리방,문화체험,부산광역시 중구 중앙동1가  26,35.1006732,129.0357772
14389,강원,롯데컬처웍스㈜롯데시네마 원주무실,영상,강원도 원주시  능라동길 51 씨네시티타워 9층,37.3350407,127.9299113
4817,경북,RU사진관,미술,경북 포항시 북구 중앙상가3길 19-5,36.0373006,129.3645511
174,부산,중앙사,도서,부산 남구 대연3동 539-16,35.1328535,129.1009557
18683,서울,진원사,도서,서울특별시 송파구  법원로9길 26 C동 11층 1107호,37.4941097,127.0106092
9103,경남,우리항공여행사주식회사,여행사,경남 사천시 진삼로 330,34.9861205,128.0631477
3959,충북,한빛스튜디오,미술,충북 충주시 교현동 624-6,36.9789837,127.9279512
1619,경기,평내동주민자치센터,문화체험,경기 남양주시 경춘로 1268(평내동 588-2),37.6482514,127.2360566
6570,전남,디지탈매직스튜디오,미술,"전남 목포시 고하대로 664, 1층 상가 ",34.8068396,126.3709471
19006,부산,비온후,도서,부산광역시 수영구  망미번영로63번길 16 비온후,35.1736066,129.1098699
19627,서울,도도봉봉,도서,서울특별시 도봉구  도봉로114길 57 1층 도도봉봉,37.6476382,127.0374829
1396,울산,삼천리자전거언양점,체육용품,울산광역시 울주군 언양읍 동문길 92,35.5637507,129.1245966
23002,제주,아르떼뮤지엄 제주,미술,제주특별자치도 제주시 애월읍 어림비로 478,33.3973766,126.3457218
9892,경북,맑은개울캠핑장,관광지,경북 상주시 화서면 하송3길 178-5,36.4830583,127.9554491
7694,서울,한우리문고 태릉입구,도서,서울 노원구 동일로 992-1 B3,37.6187604,127.0756065
19472,서울,서울스카이(롯데월드 전망대),관광지,서울특별시 송파구  올림픽로 300 전망대 117~123층,37.5134449,127.1041611
3512,전남,동아서점,도서,전남 영암군 영암읍 동무리133-7,34.7991107,126.6976378
3623,전북,호숫가 펜션,숙박,전북 정읍시 산내면 태산로 792-7   주택,35.5455078,127.0902831
1350,충남,천안역,교통수단,충남 천안시 대흥동 57-1,36.810144,127.1466733
6365,전남,(유)세계로 여행사,여행사,전남 해남군 해남읍 군청길 17,34.573264,126.5985433
5881,인천,뜰스튜디오,미술,인천 남동구 소래로 677 삼환아파트 205동 501호,37.4505404,126.7340464
15708,경기,지앤미 호텔,숙박,경기도 시흥시  서촌상가4길 8-4 G&MI 모텔(지앤미호텔),37.3453082,126.7328178
2712,부산,영빈장여관,숙박,부산 중구 부평동1가 41,35.0988304,129.0265946
7400,경남,창녕표구사,미술,경남 창녕군 창녕읍 영덕로 37,35.5429522,128.4936768
22823,경남,고려태권도장,체육시설,경상남도 함안군 칠원읍 용산1길 11 고려태권도도장 3층,35.3078355,128.5177419
20960,서울,자전거로 행복한 사람들(자행사),체육용품,서울특별시 광진구  자양로5길 14-1 1층,37.5315819,127.0848502
22357,대구,티원탁구클럽,체육시설,대구광역시 서구  서대구로 108 4층,35.8675558,128.5557756
7243,경남,샵모텔,숙박,경남 거창군 거창읍 대평4길 39,35.6854944,127.9198696
13646,경기,문화소통공동체사회적협동조합,문화체험,"경기도 군포시  산본천로211번길 13 , 5층",37.371838,126.9404053
18259,전북,전북전세버스운송사업조합,교통수단,전북 전주시 완산구 효자동3가1427-7,35.8357951,127.0990468
11210,강원,학생사,도서,강원 홍천군 남면 양덕원2길 12,37.6163129,127.7687522
17410,부산,동래디지털포토,미술,부산광역시 동래구  동래로136번길 32 2층(복천동),35.2049633,129.0843469
22457,전남,솔로몬실용음악학원,문화체험,전라남도 함평군 함평읍 내바람길 70 2층,35.0625965,126.5226146
20733,경기,퍼플비문구점,미술,경기도 양주시  옥정로 214 POP타워 3층,37.7852875,127.0458453
1194,충북,(주)한누리관광,교통수단,충북 옥천군 옥천읍 장야4길 26,36.2963385,127.5761137
2117,광주,(주)롯데렌터카 동광주영업소,교통수단,광주광역시 북구 무등로 239,35.164362,126.9100751
6726,경남,경남 하동 옥종딸기 정보화마을,관광지,경남 하동군 옥종면 북방우회길 7-4 정보화마을 2층,35.164016,127.9294977
725,광주,사진마을,미술,광주 광산구 월계동 767-3,35.2132612,126.8411968
4308,경남,마금산원탕관광온천,관광지,경남 창원시 의창구 천주로 1167 (신촌리),35.3546031,128.6121202
16979,충남,㈜씨엠비 충청방송(케이블티비),영상,충청남도 공주시 봉황로 125,36.4572932,127.1208348
16980,충남,㈜씨엠비 세종방송(케이블티비),영상,충청남도 공주시 봉황로 125,36.4572932,127.1208348
15131,광주,스마일탁구교실,체육시설,광주광역시 북구  서하로 369 지하 1층,35.1862347,126.9210339
2540,서울,모텔Q,숙박,서울특별시 동대문구  답십리로67길 2,37.5726692,127.0698178
20569,서울,강동도서(페이퍼북스),도서,서울특별시 강동구  구천면로 500 1층,37.5489819,127.1538171
16556,부산,다울점프파이어 줄넘기센터(점프파이어줄넘기학원),체육시설,부산광역시 북구  효열로 216 2층,35.2632704,129.0193349
5699,강원,아기나무,미술,강원 속초시 조양동 1526-24,38.1871023,128.5908798
21272,강원,국립검봉산자연휴양림,관광지,강원 삼척시 원덕읍 임원안길 525-145,37.2381464,129.3006813
16642,울산,T.Land,관광지,울산 울주군 삼남면 자수정로 112,35.5400076,129.0982335
2215,대전,제칠일안식일 예수재림교 서적센터,도서,대전 유성구 진잠로106번길 52,36.3011005,127.3181231
13943,충남,창기리정류소,교통수단,충남 태안군 안면읍 창기리 1092-6,36.5748677,126.334686
18869,경기,아르피아(용인도시공사),체육시설,"경기 용인시 수지구 포은대로 499, 아르피아스포츠센터 ",37.3258224,127.1057783
1192,충북,옥천공용버스터미널,교통수단,충북 옥천군 옥천읍 삼양리 232-20,36.3069911,127.5643949
1355,충남,비둘기사진관,미술,충남 서천군 서천읍 군사리 496,36.0782717,126.6910849
7783,충남,삼천리자전거 쌍용점,체육용품,충남 천안시 서북구 충무로 211,36.7969072,127.1293118
14859,전북,정주칼라현상소,미술,전라북도 정읍시  중앙로 97-1 정주칼라현상소,35.5685258,126.8504543
2848,서울,양지서점,도서,서울 성동구 금호로 173 신금호파크자이 상가동 24호 신금호파크자이상가동 24호,37.5556453,127.0187957
18618,전남,숲무인텔,숙박,전라남도 나주시 금천면 금영로 744 (주)사랑식품 숲무인호텔,35.0172561,126.7618391
7490,경북,엑스와이엠(XYM),숙박,경북 포항시 남구 중흥로70번길 7-5,36.011897,129.3502773
3359,전남,재단법인 2012여수세계박람회재단,관광지,전남 여수시 박람회길 1,34.7502973,127.7472057
18499,경기,세런디피티78,도서,경기도 여주시  명품로 127-40,37.2468889,127.6358543
19654,전북,차도향,문화체험,전라북도 남원시  양림길 48-6,35.4016232,127.3903162
20020,전북,강순후커피체험농원,문화체험,전라북도 완주군 운주면 운주로 267,36.1019752,127.2667614
21491,전남,목포근대역사관2관,미술,전남 목포시 번화로18,34.7858945,126.381547
7079,경북,서울칼라3사진관,미술,경북 김천시 시청로 70,36.1346687,128.1177292
12220,충남,광천 터미널,교통수단,충남 홍성군 광천읍 광천로273번길 11,36.498959,126.6240037
4732,경기,세종대왕유적관리소,관광지,경기 여주시 능서면 영릉로 269-10,37.304074,127.603751
12716,대전,세주스튜디오,미술,대전 서구 갈마동 1438 동원빌딩2,36.3470789,127.3771869
11485,충남,시지볼링장,체육시설,"충남 천안시 동남구 만남로 58 지층1,2호 ",36.8186985,127.1587788
20894,전북,올림픽기념 익산시 국민생활관,체육시설,전라북도 익산시  선화로 255,35.9453889,126.9586965
16296,경기,건강해짐(건강해스포츠),체육시설,경기도 고양시 덕양구  중앙로558번길 16-12 엘지프라자 8층,37.6238031,126.836454
8428,경기,삼천리자전거 덕정점,체육용품,경기 양주시 독바위로5,37.8408544,127.0628651
5541,경기,포베이비앤스튜디오,미술,경기 부천시 오정구 역곡로344번길 13 (작동 나동),37.5151849,126.8139265
19148,대구,(주)삼덕관광,여행사,대구광역시 수성구  들안로 261 3층,35.8534393,128.6167562
1834,부산,초콜릿스튜디오,미술,부산 부산진구 동평로291번길 30 103-203,35.1733928,129.0586357
1850,대전,로데오빌딩 로데오모텔,숙박,대전 서구 둔산동  1008-1,36.3532224,127.3778022
22032,경기,(주)김영사,도서,경기 파주시 문발로 197  파주출판단지,37.7120425,126.6863601
6231,서울,(재)천주교서울대교구 가톨릭출판사,도서,서울특별시 중구  중림로 27 가톨릭출판사,37.5584632,126.9666079
11999,제주,주식회사 설문대,공연,"제주 제주시 노형로 345 ,3층 ",33.48196,126.4734647
20895,부산,구남서점,도서,부산광역시 북구  백양대로1016번길 45 1층,35.1964765,128.9969035
19411,전남,롯데렌터카 목포지점,교통수단,전남 목포시 백년대로 272,34.8023126,126.418122
10973,경북,사단법인 고령군 관광협의회,관광지,"경북 고령군 대가야읍 대가야로 1216, 1층 ",35.719284,128.2606342
9973,경기,은성문고(서점),도서,"경기 부천시 원종로 40 (원종동, 지하1층) ",37.5239274,126.8041654
18181,서울,동작청소년문화의집,문화체험,서울특별시 동작구  상도로15바길 5 동작청소년문화의집,37.5040139,126.9331423
23353,전북,유한회사 공예사랑청강,문화체험,전북 전주시 완산구 태조로 45,35.8139268,127.1500395
12236,부산,화명스포렉스,체육시설,부산 북구 금곡대로285번길 13 B2201호볼링장,35.2337218,129.0127515
10605,전남,LG헬로비전 호남방송(케이블티비),영상,전남 목포시 하당로 115-158667,34.8016468,126.4145461
19443,인천,평화렛츠협동조합,문화체험,인천광역시 부평구  경인로1104번길 10 신협빌딩 지층,37.4853143,126.7421028
17050,서울,고투(GOTO) 청담점,체육시설,서울 강남구 학동로 88길 12 청진빌딩 B1,37.5183004,127.0526253
4720,광주,(주)지지투어,여행사,광주 광산구 사암로390번길 13-14 (월곡동),35.1794632,126.8089355